timestamp,latitude,longitude,altitude,heading,aircraft_id
2024-01-01 12:00:00.000,40.7829,-73.953536252036,150.0,359.52360982254305,PATROL01
2024-01-01 12:00:03.600,40.783013108345294,-73.95353719250573,150.50360891440278,358.5709418522725,PATROL01
2024-01-01 12:00:07.200,40.78312619875781,-73.95354001376583,151.00689846250057,357.618610817658,PATROL01
2024-01-01 12:00:10.800,40.78323925330762,-73.95354471536899,151.5095494805163,356.6668405730365,PATROL01
2024-01-01 12:00:14.400,40.78335225407047,-73.9535512965698,152.01124320960017,355.71585382882614,PATROL01
2024-01-01 12:00:18.000,40.78346518313064,-73.95355975632484,152.51166149797223,354.7658716979699,PATROL01
2024-01-01 12:00:21.600,40.783578022583775,-73.95357009329285,153.01048700268026,353.8171132666684,PATROL01
2024-01-01 12:00:25.200,40.78369075453973,-73.95358230583496,153.50740339084427,352.86979511034764,PATROL01
2024-01-01 12:00:28.800,40.7838033611254,-73.95359639201494,154.00209554026088,351.9241309775867,PATROL01
2024-01-01 12:00:32.400,40.78391582448757,-73.95361234959948,154.49424973923965,350.9803312429295,PATROL01
2024-01-01 12:00:36.000,40.78402812679571,-73.9536301760586,154.98355388554504,350.038602640092,PATROL01
2024-01-01 12:00:39.600,40.78414025024484,-73.95364986856598,155.46969768431785,349.0991478000661,PATROL01
2024-01-01 12:00:43.200,40.784252177058335,-73.95367142399948,155.9523728448502,348.1621649452294,PATROL01
2024-01-01 12:00:46.800,40.78436388949074,-73.9536948389416,156.4312732760899,347.2278475349608,PATROL01
2024-01-01 12:00:50.400,40.784475369830595,-73.95372010967999,156.90609528074964,346.29638391588287,PATROL01
2024-01-01 12:00:54.000,40.78458660040324,-73.95374723220813,157.37653774789828,345.36795710194303,PATROL01
2024-01-01 12:00:57.600,40.784697563573594,-73.95377620222585,157.84230234391194,344.4427444275749,PATROL01
2024-01-01 12:01:01.200,40.784808241749005,-73.95380701514011,158.30309370166398,343.52091734830356,PATROL01
2024-01-01 12:01:04.800,40.784918617381976,-73.95383966606566,158.75861960783354,342.6026411771185,PATROL01
2024-01-01 12:01:08.400,40.78502867297299,-73.95387414982586,159.20859118821426,341.68807492199886,PATROL01
2024-01-01 12:01:12.000,40.785138391073275,-73.9539104609535,159.6527230909054,340.77737109832265,PATROL01
2024-01-01 12:01:15.600,40.78524775428755,-73.95394859369158,160.0907336672692,339.8706755401163,PATROL01
2024-01-01 12:01:19.200,40.78535674527682,-73.95398854199438,160.52234515054002,338.9681273449708,PATROL01
2024-01-01 12:01:22.800,40.785465346761086,-73.95403029952826,160.94728383197156,338.0698586768475,PATROL01
2024-01-01 12:01:26.400,40.78557354152212,-73.9540738596728,161.36528023441076,337.17599480292984,PATROL01
2024-01-01 12:01:30.000,40.78568131240616,-73.95411921552173,161.77606928318804,336.28665391007047,PATROL01
2024-01-01 12:01:33.600,40.785788642326665,-73.9541663598841,162.17939047421612,335.4019471574122,PATROL01
2024-01-01 12:01:37.200,40.785895514267,-73.95421528528541,162.57498803918986,334.52197863985754,PATROL01
2024-01-01 12:01:40.800,40.78600191128312,-73.95426598396878,162.96261110778312,333.64684538154916,PATROL01
2024-01-01 12:01:44.400,40.78610781650632,-73.95431844789617,163.34201386673965,332.7766373668464,PATROL01
2024-01-01 12:01:48.000,40.786213213145835,-73.95437266874968,163.71295571575683,331.9114376001675,PATROL01
2024-01-01 12:01:51.600,40.78631808449154,-73.95442863793286,164.07520142006356,331.05132214564077,PATROL01
2024-01-01 12:01:55.200,40.7864224139166,-73.95448634657207,164.4285212595958,330.1963602108603,PATROL01
2024-01-01 12:01:58.800,40.786526184880074,-73.9545457855179,164.77269117467475,329.34661428157574,PATROL01
2024-01-01 12:02:02.400,40.7866293809296,-73.95460694534655,165.1074929080954,328.5021401505677,PATROL01
2024-01-01 12:02:06.000,40.78673198570394,-73.95466981636147,165.4327141435356,327.6629870994478,PATROL01
2024-01-01 12:02:09.600,40.786833982935605,-73.95473438859477,165.74814864019766,326.8291980355906,PATROL01
2024-01-01 12:02:13.200,40.786935356453434,-73.95480065180881,166.05359636359685,326.0008095789521,PATROL01
2024-01-01 12:02:16.800,40.78703609018515,-73.95486859549789,166.34886361241465,325.17785226237754,PATROL01
2024-01-01 12:02:20.400,40.787136168159904,-73.95493820888987,166.63376314133515,324.3603506932487,PATROL01
2024-01-01 12:02:24.000,40.787235574510824,-73.95500948094788,166.90811427978798,323.54832367994345,PATROL01
2024-01-01 12:02:27.600,40.78733429347752,-73.95508240037209,167.1717430465213,322.7417844523963,PATROL01
2024-01-01 12:02:31.200,40.78743230940858,-73.95515695560148,167.42448225993306,321.94074080946626,PATROL01
2024-01-01 12:02:34.800,40.78752960676405,-73.95523313481569,167.66617164409013,321.1451953240422,PATROL01
2024-01-01 12:02:38.400,40.78762617011792,-73.95531092593684,167.896657930368,320.3551454940016,PATROL01
2024-01-01 12:02:42.000,40.78772198416053,-73.95539031663158,168.11579495464713,319.5705839869665,PATROL01
2024-01-01 12:02:45.600,40.787817033701025,-73.95547129431286,168.32344375000352,318.7914987666333,PATROL01
2024-01-01 12:02:49.200,40.78791130366978,-73.95555384614208,168.51947263483544,318.0178733255499,PATROL01
2024-01-01 12:02:52.800,40.78800477912073,-73.95563795903105,168.70375729636993,317.24968687044293,PATROL01
2024-01-01 12:02:56.400,40.788097445233824,-73.95572361964408,168.87618086949658,316.4869144811039,PATROL01
2024-01-01 12:03:00.000,40.78818928731727,-73.95581081440008,169.03663401087792,315.72952734029707,PATROL01
2024-01-01 12:03:03.600,40.788280290809986,-73.95589952947478,169.18501496829037,314.97749288551,PATROL01
2024-01-01 12:03:07.200,40.78837044128378,-73.95598975080281,169.32122964515077,314.230775023311,PATROL01
2024-01-01 12:03:10.800,40.78845972444575,-73.95608146408003,169.44519166018827,313.48933427525685,PATROL01
2024-01-01 12:03:14.400,40.78854812614049,-73.95617465476573,169.5568224022235,312.7531279690388,PATROL01
2024-01-01 12:03:18.000,40.78863563235233,-73.95626930808501,169.6560510800203,312.02211044102177,PATROL01
2024-01-01 12:03:21.600,40.78872222920759,-73.95636540903102,169.74281476717826,311.2962331493861,PATROL01
2024-01-01 12:03:25.200,40.788807902976764,-73.95646294236744,169.817058442038,310.57544488973673,PATROL01
2024-01-01 12:03:28.800,40.78889264007669,-73.95656189263082,169.87873502257327,309.85969191937824,PATROL01
2024-01-01 12:03:32.400,40.78897642707271,-73.95666224413308,169.92780539624843,309.14891813927613,PATROL01
2024-01-01 12:03:36.000,40.78905925068081,-73.956763980964,169.96423844482177,308.4430652352705,PATROL01
2024-01-01 12:03:39.600,40.78914109776971,-73.95686708699367,169.98801106407933,307.7420728045338,PATROL01
2024-01-01 12:03:43.200,40.78922195536295,-73.95697154587515,169.9991081784866,307.04587853239207,PATROL01
2024-01-01 12:03:46.800,40.78930181064094,-73.95707734104698,169.99752275074874,306.35441830382916,PATROL01
2024-01-01 12:03:50.400,40.789380650943045,-73.95718445573587,169.98325578627328,305.6676263316038,PATROL01
2024-01-01 12:03:54.000,40.78945846376949,-73.95729287295929,169.95631633253257,304.9854352950029,PATROL01
2024-01-01 12:03:57.600,40.78953523678345,-73.95740257552822,169.91672147332622,304.3077764466915,PATROL01
2024-01-01 12:04:01.200,40.789610957812926,-73.95751354604987,169.8644963179475,303.63457974083735,PATROL01
2024-01-01 12:04:04.800,40.789685614852715,-73.95762576693038,169.79967398525983,302.9657739275904,PATROL01
2024-01-01 12:04:08.400,40.78975919606632,-73.95773922037769,169.7222955826946,302.30128666213,PATROL01
2024-01-01 12:04:12.000,40.78983168978779,-73.9578538884043,169.6324101801825,301.6410446087762,PATROL01
2024-01-01 12:04:15.600,40.789903084523594,-73.95796975283015,169.5300747790355,300.98497352373766,PATROL01
2024-01-01 12:04:19.200,40.78997336895445,-73.95808679528552,169.41535427579933,300.33299836767003,PATROL01
2024-01-01 12:04:22.800,40.790042531937104,-73.95820499721388,169.28832142109889,299.68504335641353,PATROL01
2024-01-01 12:04:26.400,40.79011056250611,-73.95832433987489,169.14905677350302,299.0410320543447,PATROL01
2024-01-01 12:04:30.000,40.79017744987553,-73.95844480434737,168.99764864843794,298.40088748054575,PATROL01
2024-01-01 12:04:33.600,40.790243183440715,-73.95856637153223,168.8341930621815,297.7645321151831,PATROL01
2024-01-01 12:04:37.200,40.790307752779924,-73.95868902215562,168.6587936709739,297.1318880362729,PATROL01
2024-01-01 12:04:40.800,40.790371147656,-73.95881273677186,168.4715617052836,296.502876919549,PATROL01
2024-01-01 12:04:44.400,40.79043335801801,-73.95893749576662,168.27261589926985,295.87742014286636,PATROL01
2024-01-01 12:04:48.000,40.790494374002776,-73.95906327935995,168.06208241548688,295.25543882148213,PATROL01
2024-01-01 12:04:51.600,40.790554185936536,-73.95919006760948,167.8400947648771,294.6368538484563,PATROL01
2024-01-01 12:04:55.200,40.79061278433638,-73.95931784041355,167.60679372210456,294.021585963117,PATROL01
2024-01-01 12:04:58.800,40.790670159911826,-73.9594465775144,167.36232723628183,293.40955578876583,PATROL01
2024-01-01 12:05:00.000,40.762899999999995,-73.9854,120.0,90.0,SEARCH01
2024-01-01 12:05:02.400,40.79072630356627,-73.9595762585014,167.10685033714734,292.80068384944866,PATROL01
2024-01-01 12:05:06.000,40.79078120639838,-73.95970686281426,166.84052503675238,292.1948906517459,PATROL01
2024-01-01 12:05:09.600,40.790834859703594,-73.95983836974628,166.56352022672036,291.5920966708139,PATROL01
2024-01-01 12:05:10.800,40.762899999999995,-73.98491591113041,120.75668897388418,90.0,SEARCH01
2024-01-01 12:05:13.200,40.790887254975445,-73.95997075844771,166.2760115711432,290.99222242125757,PATROL01
2024-01-01 12:05:16.800,40.79093838390692,-73.96010400792895,165.97818139518304,290.39518845321186,PATROL01
2024-01-01 12:05:20.400,40.79098823839176,-73.96023809706392,165.6702185694498,289.8009154026786,PATROL01
2024-01-01 12:05:21.600,40.762899999999995,-73.98443182226082,121.51145110507602,90.0,SEARCH01
2024-01-01 12:05:24.000,40.7910368105258,-73.96037300459349,165.3523183902277,289.20932400015465,PATROL01
2024-01-01 12:05:27.600,40.79108409260815,-73.96050870912869,165.02468245562733,288.6203350946656,PATROL01
2024-01-01 12:05:31.200,40.79113007714247,-73.96064518915425,164.6875185377409,288.0338696838314,PATROL01
2024-01-01 12:05:32.400,40.762899999999995,-73.98394773339123,122.2623644574206,90.0,SEARCH01
2024-01-01 12:05:34.800,40.79117475683814,-73.9607824230319,164.34104045088253,287.4498488980854,PATROL01
2024-01-01 12:05:38.400,40.791218124611405,-73.9609203890039,163.98546791599676,286.8681940563695,PATROL01
2024-01-01 12:05:42.000,40.79126017358652,-73.96105906519641,163.62102642132132,286.28882664147784,PATROL01
2024-01-01 12:05:43.200,40.762899999999995,-73.98346364452165,123.00751689534377,90.0,SEARCH01
2024-01-01 12:05:45.600,40.791300897096825,-73.961198429623,163.24794707939256,285.71166834024376,PATROL01
2024-01-01 12:05:49.200,40.7913402886858,-73.9613384601881,162.86646648048418,285.13664102824464,PATROL01
2024-01-01 12:05:52.800,40.79137834210811,-73.96147913469056,162.47682654257218,284.5636667848362,PATROL01
2024-01-01 12:05:54.000,40.762899999999995,-73.98297955565207,123.7450109529391,90.0,SEARCH01
2024-01-01 12:05:56.400,40.79141505133056,-73.96162043082714,162.0792743579214,283.9926679112783,PATROL01
2024-01-01 12:06:00.000,40.79145041053309,-73.961762326196,161.67406203639052,283.4235669116032,PATROL01
2024-01-01 12:06:03.600,40.79148441410967,-73.96190479830031,161.26144654555532,282.85628650301544,PATROL01
2024-01-01 12:06:04.800,40.762899999999995,-73.98249546678247,124.47296866569998,90.0,SEARCH01
2024-01-01 12:06:07.200,40.79151705666919,-73.96204782455185,160.84168954775114,282.2907496290272,PATROL01
2024-01-01 12:06:10.800,40.79154833303634,-73.96219138227447,160.41505723413854,281.7268794473021,PATROL01
2024-01-01 12:06:14.400,40.7915782382524,-73.96233544870782,159.9818201558966,281.1645993298565,PATROL01
2024-01-01 12:06:15.600,40.762899999999995,-73.98201137791288,125.18953635259288,90.0,SEARCH01
2024-01-01 12:06:18.000,40.79160676757605,-73.96248000101083,159.5422530526514,280.6038328494104,PATROL01
2024-01-01 12:06:21.600,40.791633916484095,-73.96262501626548,159.0966346782485,280.0445038036058,PATROL01
2024-01-01 12:06:25.200,40.79165968067221,-73.96277047148028,158.64524762397969,279.4865361869095,PATROL01
2024-01-01 12:06:26.400,40.762899999999995,-73.9815272890433,125.89288933629501,90.0,SEARCH01
2024-01-01 12:06:28.800,40.791684056055615,-73.96291634359403,158.18837813937608,278.9298541888861,PATROL01
2024-01-01 12:06:32.400,40.79170703876971,-73.96306260947941,157.7263159506816,278.37438219072715,PATROL01
2024-01-01 12:06:36.000,40.791728625170684,-73.96320924594666,157.2593540771213,277.8200447651992,PATROL01
2024-01-01 12:06:37.200,40.762899999999995,-73.9810432001737,126.58123658957648,90.0,SEARCH01
2024-01-01 12:06:39.600,40.791748811836136,-73.9633562297473,156.78778864508192,277.266766652961,PATROL01
2024-01-01 12:06:43.200,40.79176759556557,-73.96350353757778,156.31191870032148,276.714472762764,PATROL01
2024-01-01 12:06:46.800,40.7917849733809,-73.96365114608312,155.83204601832801,276.16308816366984,PATROL01
2024-01-01 12:06:48.000,40.762899999999995,-73.98055911130412,127.25282529599546,90.0,SEARCH01
2024-01-01 12:06:50.400,40.79180094252696,-73.96379903186075,155.3484749129469,275.61253808282646,PATROL01
2024-01-01 12:06:54.000,40.79181550047194,-73.96394717146407,154.86151204339856,275.0627478641353,PATROL01
2024-01-01 12:06:57.600,40.79182864490773,-73.96409554140628,154.37146621980904,274.5136429956664,PATROL01
2024-01-01 12:06:58.800,40.762899999999995,-73.98007502243453,127.90594531329288,90.0,SEARCH01
2024-01-01 12:07:01.200,40.79184037375035,-73.96424411816406,153.87864820737616,273.9651490827037,PATROL01
2024-01-01 12:07:04.800,40.79185068514025,-73.96439287818126,153.38337052929634,273.41719181941136,PATROL01
2024-01-01 12:07:08.400,40.7918595774426,-73.96454179787273,152.8859472685762,272.8696970105036,PATROL01
2024-01-01 12:07:09.600,40.762899999999995,-73.97959093356495,128.538933528121,90.0,SEARCH01
2024-01-01 12:07:12.000,40.791867049247585,-73.96469085362797,152.38669386885502,272.32259052533,PATROL01
2024-01-01 12:07:15.600,40.79187309937057,-73.96484002181491,151.88592693436476,271.7757983182851,PATROL01
2024-01-01 12:07:19.200,40.79187772685235,-73.96498927878366,151.38396402915347,271.2292463852324,PATROL01
2024-01-01 12:07:20.400,40.762899999999995,-73.97910684469535,129.15017809101698,90.0,SEARCH01
2024-01-01 12:07:22.800,40.79188093095926,-73.96513860087026,150.88112347570058,270.682860762991,PATROL01
2024-01-01 12:07:26.400,40.79188271118329,-73.96528796440042,150.37772415305076,270.13656753334936,PATROL01
2024-01-01 12:07:30.000,40.79188306724221,-73.96543734569329,149.8740852945953,269.5902927801238,PATROL01
2024-01-01 12:07:31.200,40.762899999999995,-73.97862275582577,129.7381225208375,90.0,SEARCH01
2024-01-01 12:07:33.600,40.791881999079564,-73.96558672106516,149.37052628562827,269.0439625950633,PATROL01
2024-01-01 12:07:37.200,40.7918795068647,-73.96573606683333,148.86736646080692,268.4975030595531,PATROL01
2024-01-01 12:07:40.800,40.79187559099275,-73.96588535931974,148.36492490164358,267.95084023671035,PATROL01
2024-01-01 12:07:42.000,40.762899999999995,-73.97813866695618,130.3012696682025,90.0,SEARCH01
2024-01-01 12:07:44.400,40.791870252084564,-73.96603457485479,147.8635202341586,267.403900143085,PATROL01
2024-01-01 12:07:48.000,40.791863490986586,-73.96618368978109,147.36347042682195,266.85660875601366,PATROL01
2024-01-01 12:07:51.600,40.79185530877076,-73.96633268045719,146.86509258891164,266.30889199197844,PATROL01
2024-01-01 12:07:52.800,40.762899999999995,-73.97765457808659,130.83818552785618,90.0,SEARCH01
2024-01-01 12:07:55.200,40.791845706734335,-73.96648152326134,146.36870276941733,265.7606756847078,PATROL01
2024-01-01 12:07:58.800,40.791834686399675,-73.96663019459525,145.87461575661607,265.2118855853165,PATROL01
2024-01-01 12:08:02.400,40.79182224951399,-73.96677867088779,145.38314487844764,264.6624473492044,PATROL01
2024-01-01 12:08:03.600,40.762899999999995,-73.977170489217,131.34750289023646,90.0,SEARCH01
2024-01-01 12:08:06.000,40.79180839804909,-73.96692692859878,144.894601803816,264.1122865212194,PATROL01
2024-01-01 12:08:09.600,40.791793134201065,-73.96707494422267,144.40929634494262,263.561328521336,PATROL01
2024-01-01 12:08:13.200,40.79177646038992,-73.96722269429233,143.92753626089765,263.0094986332805,PATROL01
2024-01-01 12:08:14.400,40.762899999999995,-73.97668640034742,131.82792482295548,90.0,SEARCH01
2024-01-01 12:08:16.800,40.7917583792592,-73.96737015538267,143.44962706243263,262.4567220102423,PATROL01
2024-01-01 12:08:20.400,40.79173889367559,-73.96751730411447,142.97587181823926,261.90292363457837,PATROL01
2024-01-01 12:08:24.000,40.79171800672843,-73.96766411715801,142.50657096275674,261.34802834007394,PATROL01
2024-01-01 12:08:25.200,40.762899999999995,-73.97620231147783,132.2782279733251,90.0,SEARCH01
2024-01-01 12:08:27.600,40.79169572172924,-73.9678105712368,142.0420221056498,260.79196078394114,PATROL01
2024-01-01 12:08:31.200,40.791672042211204,-73.96795664313126,141.58251984307768,260.2346454410146,PATROL01
2024-01-01 12:08:34.800,40.79164697192859,-73.96810230968241,141.1283555708746,259.6760065980553,PATROL01
2024-01-01 12:08:36.000,40.762899999999995,-73.97571822260824,132.6972656835181,90.0,SEARCH01
2024-01-01 12:08:38.400,40.79162051485618,-73.96824754779551,140.6798172997594,259.1159683492635,PATROL01
2024-01-01 12:08:42.000,40.791592675188596,-73.96839233444378,140.2371894726921,258.5544545881888,PATROL01
2024-01-01 12:08:45.600,40.79156345733969,-73.96853664667199,139.80075278449272,257.9913890031452,PATROL01
2024-01-01 12:08:46.800,40.762899999999995,-73.97523413373865,133.0839709104329,90.0,SEARCH01
2024-01-01 12:08:49.200,40.79153286594182,-73.96868046160014,139.37078400383723,257.42669506649867,PATROL01
2024-01-01 12:08:52.800,40.79150090584508,-73.96882375642708,138.9475557977433,256.86029604872954,PATROL01
2024-01-01 12:08:56.400,40.79146758211662,-73.96896650843412,138.53133655865685,256.29211498793853,PATROL01
2024-01-01 12:08:57.600,40.762899999999995,-73.97475004486907,133.43735894282574,90.0,SEARCH01
2024-01-01 12:09:00.000,40.79143290003972,-73.9691086949886,138.12239023424962,255.72207472342745,PATROL01
2024-01-01 12:09:03.600,40.79139686511308,-73.96925029354757,137.72097616003543,255.15009786310816,PATROL01
2024-01-01 12:09:07.200,40.791359483049845,-73.96939128166123,137.32734889491104,254.57610681576,PATROL01
2024-01-01 12:09:08.400,40.762899999999995,-73.97426595599947,133.75652990879246,90.0,SEARCH01
2024-01-01 12:09:10.800,40.791320759776774,-73.96953163697663,136.94175805972623,254.00002376185307,PATROL01
2024-01-01 12:09:14.400,40.791280701433244,-73.96967133724111,136.56444817898551,253.4217706786598,PATROL01
2024-01-01 12:09:18.000,40.79123931437031,-73.96981036030586,136.1956585257816,252.84126935549156,PATROL01
2024-01-01 12:09:19.200,40.762899999999995,-73.97378186712989,134.04067106721408,90.0,SEARCH01
2024-01-01 12:09:21.600,40.79119660514969,-73.96994868412946,135.83562297005895,252.25844136667308,PATROL01
2024-01-01 12:09:25.200,40.791152580542736,-73.97008628678134,135.48456983030397,251.6732081121956,PATROL01
2024-01-01 12:09:28.800,40.79110724752931,-73.97022314644528,135.14272172875565,251.08549082425793,PATROL01
2024-01-01 12:09:30.000,40.762899999999995,-73.9732977782603,134.28905887733134,90.0,SEARCH01
2024-01-01 12:09:32.400,40.791060613296764,-73.97035924142284,134.8102954502284,250.49521055478542,PATROL01
2024-01-01 12:09:36.000,40.79101268523872,-73.9704945501368,134.48750180463688,249.90228823034082,PATROL01
2024-01-01 12:09:39.600,40.79096347095393,-73.97062905113467,134.17454549330964,249.30664463563295,PATROL01
2024-01-01 12:09:40.800,40.762899999999995,-73.97281368939072,134.50106084117832,90.0,SEARCH01
2024-01-01 12:09:43.200,40.79091297824509,-73.97076272309194,133.87162497917672,248.70820045531616,PATROL01
2024-01-01 12:09:46.800,40.79086121511757,-73.97089554481558,133.5789323609134,248.10687627056694,PATROL01
2024-01-01 12:09:50.400,40.79080818977816,-73.97102749524734,133.29665325111966,247.50259262102264,PATROL01
2024-01-01 12:09:51.600,40.762899999999995,-73.97232960052112,134.6761371141836,90.0,SEARCH01
2024-01-01 12:09:54.000,40.790753910633775,-73.97115855346713,133.02496665861307,246.89526999424788,PATROL01
2024-01-01 12:09:57.600,40.7906983862901,-73.97128869869633,132.76404487490925,246.28482887268325,PATROL01
2024-01-01 12:10:00.000,40.792850547536865,-73.97535054753688,100.0,134.99999999997965,DELIV01
2024-01-01 12:10:01.200,40.79064162555026,-73.97141791030101,132.51405336496234,245.671189769072,PATROL01
2024-01-01 12:10:02.400,40.762899999999995,-73.97184551165154,134.81384187983753,90.0,SEARCH01
2024-01-01 12:10:04.500,40.79284748180418,-73.97534748180419,100.63105631312673,134.99999999997965,DELIV01
2024-01-01 12:10:04.800,40.79058363741338,-73.97154616779532,132.27515066223464,245.0542732582394,PATROL01
2024-01-01 12:10:08.400,40.7905244310732,-73.97167345084466,132.04748826816152,244.43400001035366,PATROL01
2024-01-01 12:10:09.000,40.792844226547224,-73.97534422654724,101.25959705067717,134.99999999997965,DELIV01
2024-01-01 12:10:12.000,40.79046401591661,-73.97179973926892,131.8312105560761,243.8102908351536,PATROL01
2024-01-01 12:10:13.200,40.762899999999995,-73.97136142278195,134.9138244849252,90.0,SEARCH01
2024-01-01 12:10:13.500,40.79284077011746,-73.97534077011747,101.88311666489717,134.99999999997965,DELIV01
2024-01-01 12:10:15.600,40.79040240152213,-73.97192501304568,131.62645467965416,243.18306673537623,PATROL01
2024-01-01 12:10:18.000,40.79283710015907,-73.97533710015908,102.49912962370308,134.99999999997965,DELIV01
2024-01-01 12:10:19.200,40.79033959765842,-73.97204925231338,131.43335048593738,242.55224894772425,PATROL01
2024-01-01 12:10:22.500,40.79283320356713,-73.97533320356715,103.10518031874169,134.99999999997965,DELIV01
2024-01-01 12:10:22.800,40.790275614282734,-73.97217243737452,131.25202043298998,241.9177589926453,PATROL01
2024-01-01 12:10:24.000,40.762899999999995,-73.97087733391236,134.97583033243427,90.0,SEARCH01
2024-01-01 12:10:26.400,40.79021046153932,-73.9722945486987,131.08257951224152,241.27951873871035,PATROL01
2024-01-01 12:10:27.000,40.79282906644345,-73.97532906644346,103.69885285416547,134.99999999997965,DELIV01
2024-01-01 12:10:30.000,40.79014414975782,-73.97241556692575,130.92513517556432,240.63745046040447,PATROL01
2024-01-01 12:10:31.500,40.79282467404996,-73.97532467404997,104.2777806771021,134.99999999997965,DELIV01
2024-01-01 12:10:33.600,40.79007668945166,-73.97253547286883,130.77978726713232,239.99147689690773,PATROL01
2024-01-01 12:10:34.800,40.762899999999995,-73.97039324504277,134.99970152986432,90.0,SEARCH01
2024-01-01 12:10:36.000,40.79282001075952,-73.97532001075953,104.83965601142839,134.99999999997965,DELIV01
2024-01-01 12:10:37.200,40.79000809131633,-73.97265424751744,130.6466279601043,239.3415213223978,PATROL01
2024-01-01 12:10:40.500,40.79281506000411,-73.97531506000412,105.38223905724288,134.99999999997965,DELIV01
2024-01-01 12:10:40.800,40.789938366227744,-73.97277187204041,130.5257416981719,238.68750763389966,PATROL01
2024-01-01 12:10:44.400,40.78986752524046,-73.972888327789,130.4172051420091,238.02936039354034,PATROL01
2024-01-01 12:10:45.000,40.79280980422017,-73.97530980422017,105.90336691936528,134.99999999997965,DELIV01
2024-01-01 12:10:45.600,40.762899999999995,-73.96990915617319,134.98537729128626,90.0,SEARCH01
2024-01-01 12:10:48.000,40.78979557958598,-73.97300359629965,130.32108712065744,237.36700496368965,PATROL01
2024-01-01 12:10:49.500,40.792804224791055,-73.97530422479107,106.40096222927107,134.99999999997965,DELIV01
2024-01-01 12:10:51.600,40.78972254067094,-73.97311765929715,130.2374485878777,236.70036752920026,PATROL01
2024-01-01 12:10:54.000,40.792798301986466,-73.97529830198648,106.87304142609185,134.99999999997965,DELIV01
2024-01-01 12:10:55.200,40.78964842007529,-73.97323049869735,130.16634258349592,236.0293752478551,PATROL01
2024-01-01 12:10:56.400,40.762899999999995,-73.9694250673036,134.93289409212838,90.0,SEARCH01
2024-01-01 12:10:58.500,40.79279201489868,-73.9752920148987,107.31772266367076,134.99999999997965,DELIV01
2024-01-01 12:10:58.800,40.789573229550506,-73.97334209661011,130.1078141997676,235.3539563028807,PATROL01
2024-01-01 12:11:02.400,40.78949698101767,-73.97345243534212,130.0619005527825,234.6740400409353,PATROL01
2024-01-01 12:11:03.000,40.79278534137556,-73.97528534137557,107.73323331215339,134.99999999997965,DELIV01
2024-01-01 12:11:06.000,40.789419686565616,-73.97356149739974,130.02863075892708,233.98955704154815,PATROL01
2024-01-01 12:11:07.200,40.762899999999995,-73.968940978434,134.84238557629493,90.0,SEARCH01
2024-01-01 12:11:07.500,40.792778257950104,-73.97527825795012,108.11791702421021,134.99999999997965,DELIV01
2024-01-01 12:11:09.600,40.78934135844901,-73.97366926549168,130.00802591642025,233.30043926255928,PATROL01
2024-01-01 12:11:12.000,40.79277073976656,-73.97527073976657,108.47024033772298,134.99999999997965,DELIV01
2024-01-01 12:11:13.200,40.789262009086386,-73.97377572253184,130.0000990919339,232.6066201344487,PATROL01
2024-01-01 12:11:16.500,40.79276276050281,-73.97526276050283,108.7887987886146,134.99999999997965,DELIV01
2024-01-01 12:11:16.800,40.78918165105821,-73.97388085164198,130.00485531230638,231.90803469062726,PATROL01
2024-01-01 12:11:18.000,40.762899999999995,-73.96845688956442,134.7140822158535,90.0,SEARCH01
2024-01-01 12:11:20.400,40.78910029710484,-73.9739846361544,130.022291561355,231.2046196934252,PATROL01
2024-01-01 12:11:21.000,40.79275429228914,-73.97525429228915,109.0723225094548,134.99999999997965,DELIV01
2024-01-01 12:11:24.000,40.78901796012456,-73.97408705961455,130.0523967817885,230.4963137757528,PATROL01
2024-01-01 12:11:25.500,40.79274530562304,-73.97524530562306,109.31968129152435,134.99999999997965,DELIV01
2024-01-01 12:11:27.600,40.788934653171495,-73.97418810578371,130.09515188221923,229.78305755085572,PATROL01
2024-01-01 12:11:28.800,40.762899999999995,-73.96797280069484,134.54831072415791,90.0,SEARCH01
2024-01-01 12:11:30.000,40.79273576928024,-73.97523576928026,109.52988909015839,134.99999999997965,DELIV01
2024-01-01 12:11:31.200,40.78885038945355,-73.97428775864148,130.15052974927002,229.06479380973585,PATROL01
2024-01-01 12:11:34.500,40.79272565022156,-73.97522565022157,109.70210795540986,134.99999999997965,DELIV01
2024-01-01 12:11:34.800,40.78876518233034,-73.97438600238841,130.21849526476828,228.34146759475652,PATROL01
2024-01-01 12:11:38.400,40.78867904531103,-73.97448282144842,130.29900532801636,227.61302642402242,PATROL01
2024-01-01 12:11:39.000,40.792714913495836,-73.97521491349585,109.8356513723637,134.99999999997965,DELIV01
2024-01-01 12:11:39.600,40.762899999999995,-73.96748871182524,134.34549322390112,90.0,SEARCH01
2024-01-01 12:11:42.000,40.78859199205223,-73.97457820047131,130.39200888312413,226.87942039495672,PATROL01
2024-01-01 12:11:43.500,40.79270352213866,-73.97520352213867,109.9299869977867,134.99999999997965,DELIV01
2024-01-01 12:11:45.600,40.7885040363558,-73.97467212433521,130.49744695138628,226.1406024008812,PATROL01
2024-01-01 12:11:48.000,40.792691437066985,-73.975191437067,109.98473878220379,134.99999999997965,DELIV01
2024-01-01 12:11:49.200,40.78841519216671,-73.97476457814896,130.61525266868404,225.39652822437088,PATROL01
2024-01-01 12:11:50.400,40.762899999999995,-73.96700462295566,134.1061461722164,90.0,SEARCH01
2024-01-01 12:11:52.500,40.7926786169696,-73.97517861696961,109.99968846894157,134.99999999997965,DELIV01
2024-01-01 12:11:52.800,40.78832547357075,-73.97485554725444,130.74535132788742,224.64715679710838,PATROL01
2024-01-01 12:11:56.400,40.788234894792375,-73.97494501722895,130.88766042623112,223.892450295038,PATROL01
2024-01-01 12:11:57.000,40.792665018193446,-73.97516501819347,109.97477646416338,134.99999999997965,DELIV01
2024-01-01 12:12:00.000,40.78814347019241,-73.97503297388745,131.0420897176341,223.1323743764205,PATROL01
2024-01-01 12:12:01.200,40.762899999999995,-73.96652053408607,133.8308790455642,90.0,SEARCH01
2024-01-01 12:12:01.500,40.79265059462592,-73.97515059462593,109.91010207442793,134.99999999997965,DELIV01
2024-01-01 12:12:03.600,40.788051214265785,-73.97511940328486,131.20854126992964,222.3668983074848,PATROL01
2024-01-01 12:12:06.000,40.79263529757315,-73.97513529757316,109.80592311082404,134.99999999997965,DELIV01
2024-01-01 12:12:07.200,40.787958141639216,-73.9752042917182,131.38690952696948,221.59599522610898,PATROL01
2024-01-01 12:12:10.500,40.79261907563451,-73.97511907563452,109.66265486126022,134.99999999997965,DELIV01
2024-01-01 12:12:10.800,40.787864267068926,-73.97528762572884,131.57708137556295,220.81964223232922,PATROL01
2024-01-01 12:12:12.000,40.762899999999995,-73.96603644521649,133.52039278775337,90.0,SEARCH01
2024-01-01 12:12:14.400,40.787769605438264,-73.97536939210457,131.77893621720818,220.0378206515675,PATROL01
2024-01-01 12:12:15.000,40.79260187457347,-73.97510187457348,109.48086843500509,134.99999999997965,DELIV01
2024-01-01 12:12:18.000,40.78767417175537,-73.97544957788172,131.99234604457038,219.25051620503461,PATROL01
2024-01-01 12:12:19.500,40.792583637185054,-73.97508363718507,109.26128848607841,134.99999999997965,DELIV01
2024-01-01 12:12:21.600,40.7875779811508,-73.97552817034725,132.21717552265838,218.4577191637434,PATROL01
2024-01-01 12:12:22.800,40.762899999999995,-73.96555235634689,133.1754780250485,90.0,SEARCH01
2024-01-01 12:12:24.000,40.79256430316028,-73.9750643031603,109.00479032456752,134.99999999997965,DELIV01
2024-01-01 12:12:25.200,40.787481048875094,-73.97560515704068,132.45328207464786,217.65942459359775,PATROL01
2024-01-01 12:12:28.500,40.79254380894788,-73.9750438089479,108.71239642738459,134.99999999997965,DELIV01
2024-01-01 12:12:28.800,40.78738339029639,-73.97568052575615,132.70051597229755,216.8556325226187,PATROL01
2024-01-01 12:12:32.400,40.787285020898,-73.97575426454434,132.95872043089986,216.0463480910196,PATROL01
2024-01-01 12:12:33.000,40.79252208761385,-73.97502208761387,108.38527236237377,134.99999999997965,DELIV01
2024-01-01 12:12:33.600,40.762899999999995,-73.9650682674773,132.79701305290916,90.0,SEARCH01
2024-01-01 12:12:36.000,40.78718595627589,-73.9758263617143,133.22773170870698,215.23158179710987,PATROL01
2024-01-01 12:12:37.500,40.79249906869934,-73.97499906869935,108.02472214201578,134.99999999997965,DELIV01
2024-01-01 12:12:39.600,40.78708621213629,-73.97589680583538,133.50737921076848,214.41134964556636,PATROL01
2024-01-01 12:12:42.000,40.79247467807767,-73.97497467807767,107.63218302525169,134.99999999997965,DELIV01
2024-01-01 12:12:43.200,40.78698580429314,-73.975965585739,133.79748559711504,213.58567332022884,PATROL01
2024-01-01 12:12:44.400,40.762899999999995,-73.96458417860772,132.3859615994865,90.0,SEARCH01
2024-01-01 12:12:46.500,40.792448837811065,-73.97494883781108,107.20921978814717,134.99999999997965,DELIV01
2024-01-01 12:12:46.800,40.786884748665614,-73.97603269052047,134.0978668952196,212.75458036261176,PATROL01
2024-01-01 12:12:50.400,40.78678306127559,-73.97609810954063,134.40833261666435,211.91810434010307,PATROL01
2024-01-01 12:12:51.000,40.79242146600827,-73.97492146600828,106.7575184862361,134.99999999997965,DELIV01
2024-01-01 12:12:54.000,40.78668075824511,-73.97616183242762,134.72868587794028,211.07628499134614,PATROL01
2024-01-01 12:12:55.200,40.762899999999995,-73.96410008973812,131.94337037157365,90.0,SEARCH01
2024-01-01 12:12:55.500,40.79239247668386,-73.97489247668386,106.27887973340859,134.99999999997965,DELIV01
2024-01-01 12:12:57.600,40.78657785579382,-73.97622384907848,135.05872352530162,210.2291683975844,PATROL01
2024-01-01 12:13:00.000,40.792361779620684,-73.9748617796207,105.77521152413588,134.99999999997965,DELIV01
2024-01-01 12:13:01.200,40.78647437023641,-73.97628414966078,135.39823626359708,209.3768070728879,PATROL01
2024-01-01 12:13:04.500,40.79232928023673,-73.97482928023673,105.24852162764469,134.99999999997965,DELIV01
2024-01-01 12:13:04.800,40.78637031798,-73.97634272461416,135.74700878899543,208.51926015546672,PATROL01
2024-01-01 12:13:06.000,40.762899999999995,-73.96361600086854,131.4703663892576,90.0,SEARCH01
2024-01-01 12:13:08.400,40.78626571552158,-73.97639956465183,136.10481992552158,207.65659346123064,PATROL01
2024-01-01 12:13:09.000,40.7922948794579,-73.9747948794579,104.70090958436003,134.99999999997965,DELIV01
2024-01-01 12:13:12.000,40.786160579445344,-73.97645466076209,136.4714427653165,206.78887962731267,PATROL01
2024-01-01 12:13:13.500,40.792258473598686,-73.9747584735987,104.13455833652134,134.99999999997965,DELIV01
2024-01-01 12:13:15.600,40.78605492642012,-73.9765080042097,136.84664481253208,205.91619818552812,PATROL01
2024-01-01 12:13:16.800,40.762899999999995,-73.96313191199896,130.9681541160607,90.0,SEARCH01
2024-01-01 12:13:18.000,40.792219954252566,-73.97471995425258,103.55172552633428,134.99999999997965,DELIV01
2024-01-01 12:13:19.200,40.78594877319667,-73.97655958653736,137.23018813076968,205.03863560763963,PATROL01
2024-01-01 12:13:22.500,40.79217920819439,-73.9746792081944,102.9547344963467,134.99999999997965,DELIV01
2024-01-01 12:13:22.800,40.78584213660508,-73.97660939956691,137.62182949396868,204.1562854102483,PATROL01
2024-01-01 12:13:26.400,40.785735033552065,-73.97665743540075,138.0213205406496,203.2692481315505,PATROL01
2024-01-01 12:13:27.000,40.792136117297275,-73.97463611729728,102.34596502792368,134.99999999997965,DELIV01
2024-01-01 12:13:27.600,40.762899999999995,-73.96264782312937,130.43801239187883,90.0,SEARCH01
2024-01-01 12:13:30.000,40.78562748101828,-73.97670368642302,138.42840793141403,202.37763140455723,PATROL01
2024-01-01 12:13:31.500,40.7920905584667,-73.9745905584667,101.727843854741,134.99999999997965,DELIV01
2024-01-01 12:13:33.600,40.78551949605566,-73.97674814530085,138.84283350960092,201.4815499264672,PATROL01
2024-01-01 12:13:36.000,40.792042403594806,-73.97454240359482,101.10283498911275,134.99999999997965,DELIV01
2024-01-01 12:13:37.200,40.785411095784696,-73.97679080498551,139.26433446499826,200.58112540313095,PATROL01
2024-01-01 12:13:38.400,40.762899999999995,-73.96216373425978,129.8812911765269,90.0,SEARCH01
2024-01-01 12:13:40.500,40.79199151953825,-73.97449151953826,100.47342989971558,134.99999999997965,DELIV01
2024-01-01 12:13:40.800,40.78530229739173,-73.97683165871351,139.69264350050537,199.67648656597802,PATROL01
2024-01-01 12:13:44.400,40.7851931181262,-73.97687070000768,140.12748900164104,198.7677690636674,PATROL01
2024-01-01 12:13:45.000,40.79193776812306,-73.97443776812308,99.84213757986363,134.99999999997965,DELIV01
2024-01-01 12:13:48.000,40.78508357529797,-73.97690792267822,140.56859520878908,197.85511537240313,PATROL01
2024-01-01 12:13:49.200,40.762899999999995,-73.96167964539019,129.29940811218358,90.0,SEARCH01
2024-01-01 12:13:49.500,40.79188100618059,-73.9743810061806,99.21147454592524,134.99999999997965,DELIV01
2024-01-01 12:13:51.600,40.7849736862745,-73.97694332082366,141.01568239207285,196.93867469547237,PATROL01
2024-01-01 12:13:54.000,40.79182108561841,-73.97432108561843,98.58395480575048,134.99999999997965,DELIV01
2024-01-01 12:13:55.200,40.78486346847817,-73.97697688883181,141.46846702874763,196.0186027902554,PATROL01
2024-01-01 12:13:58.500,40.791757853531,-73.97425785353101,97.96207983709849,134.99999999997965,DELIV01
2024-01-01 12:13:58.800,40.78475293938348,-73.9770086213806,141.9266619829978,195.09506185434776,PATROL01
2024-01-01 12:14:00.000,40.76649324469996,-73.96167964539019,128.69384491348856,270.0,SEARCH01
2024-01-01 12:14:02.400,40.78464211651427,-73.977038513439,142.38997668802583,194.16822031082518,PATROL01
2024-01-01 12:14:03.000,40.79169115235459,-73.9741911523546,97.34832861601322,134.99999999997965,DELIV01
2024-01-01 12:14:06.000,40.78453101744097,-73.97706656026777,142.85811733031656,193.2382525676869,PATROL01
2024-01-01 12:14:07.500,40.791620820071316,-73.97412082007132,96.74514773489788,134.99999999997965,DELIV01
2024-01-01 12:14:09.600,40.7844196597778,-73.97709275742022,143.33078703596078,192.30533883892835,PATROL01
2024-01-01 12:14:10.800,40.76649324469996,-73.96216373425978,128.0661435944852,270.0,SEARCH01
2024-01-01 12:14:12.000,40.791546690467925,-73.97404669046794,96.1549416496799,134.99999999997965,DELIV01
2024-01-01 12:14:13.200,40.78430806117997,-73.97711710074293,143.8076860589194,191.36966482937325,PATROL01
2024-01-01 12:14:16.500,40.791468593454304,-73.97396859345432,95.58006309494421,134.99999999997965,DELIV01
2024-01-01 12:14:16.800,40.78419623934089,-73.97713958637637,144.28851197110887,190.43142149337825,PATROL01
2024-01-01 12:14:20.400,40.78408421198939,-73.97716021075554,144.77295985418786,189.49080471482625,PATROL01
2024-01-01 12:14:21.000,40.79138635544736,-73.97388635544736,95.02280370524316,134.99999999997965,DELIV01
2024-01-01 12:14:21.600,40.76649324469996,-73.96264782312937,127.41790254201563,270.0,SEARCH01
2024-01-01 12:14:24.000,40.783971996886834,-73.97717897061058,145.26072249292253,188.54801495607117,PATROL01
2024-01-01 12:14:25.500,40.791299799825865,-73.97379979982588,94.48538487996893,134.99999999997965,DELIV01
2024-01-01 12:14:27.600,40.7838596118244,-73.97719586296719,145.751490570009,187.60325693322565,PATROL01
2024-01-01 12:14:30.000,40.79120874746181,-73.97370874746181,93.96994892820386,134.99999999997965,DELIV01
2024-01-01 12:14:31.200,40.78374707462017,-73.97721088514716,146.2449528622284,186.65673927899866,PATROL01
2024-01-01 12:14:32.400,40.76649324469996,-73.96313191199896,126.75077244556782,270.0,SEARCH01
2024-01-01 12:14:34.500,40.791113017333544,-73.97361301733355,93.47855052884813,134.99999999997965,DELIV01
2024-01-01 12:14:34.800,40.7836344031164,-73.97722403476881,146.74079643781087,185.70867408298423,PATROL01
2024-01-01 12:14:38.400,40.78352161517658,-73.97723530974733,147.2387068548829,184.7592765576827,PATROL01
2024-01-01 12:14:39.000,40.79101242722612,-73.97351242722613,93.01314854006694,134.99999999997965,DELIV01
2024-01-01 12:14:42.000,40.78340872868271,-73.97724470829512,147.73836836087224,183.80876459747532,PATROL01
2024-01-01 12:14:43.200,40.76649324469996,-73.96361600086854,126.06645209393815,270.0,SEARCH01
2024-01-01 12:14:43.500,40.79090679452339,-73.9734067945234,92.57559819070717,134.99999999997965,DELIV01
2024-01-01 12:14:45.600,40.78329576153238,-73.97725222892208,148.23946409274427,182.8573583578985,PATROL01
2024-01-01 12:14:48.000,40.79079593709628,-73.97329593709628,92.1676436848111,134.99999999997965,DELIV01
2024-01-01 12:14:49.200,40.78318273163599,-73.97725787043588,148.74167627794225,181.90527978880107,PATROL01
2024-01-01 12:14:52.500,40.79067967429072,-73.97317967429073,91.79091124870737,134.99999999997965,DELIV01
2024-01-01 12:14:52.800,40.783069656913874,-73.97726163194204,149.24468643590458,180.952752255348,PATROL01
2024-01-01 12:14:54.000,40.76649324469996,-73.96410008973812,125.36668404941346,270.0,SEARCH01
2024-01-01 12:14:56.400,40.78295655529348,-73.97726351284423,149.74817558003085,180.0,PATROL01
2024-01-01 12:14:57.000,40.79055782801797,-73.97305782801797,91.44690264839588,134.99999999997965,DELIV01
2024-01-01 12:15:00.000,40.7879,-73.95090828704748,180.0,359.52357395078104,PATROL02
2024-01-01 12:15:00.000,40.782843444706515,-73.97726351284423,150.25182441996913,179.04724774465194,PATROL01
2024-01-01 12:15:01.500,40.79043022394868,-73.9729302239487,91.13698920306791,134.99999999997965,DELIV01
2024-01-01 12:15:03.000,40.787990486676236,-73.95090903947992,180.50360891440278,358.57083431003537,PATROL02
2024-01-01 12:15:03.600,40.78273034308612,-73.97726163194204,150.75531356409542,178.09472021119893,PATROL01
2024-01-01 12:15:04.800,40.76649324469996,-73.96458417860772,124.65325021048766,270.0,SEARCH01
2024-01-01 12:15:06.000,40.78808095900625,-73.95091129665792,181.00689846250057,357.6184317249838,PATROL02
2024-01-01 12:15:06.000,40.790296692811246,-73.97279669281126,90.86240631862563,134.99999999997965,DELIV01
2024-01-01 12:15:07.200,40.78261726836401,-73.97725787043588,151.25832372205772,177.14264164210147,PATROL01
2024-01-01 12:15:09.000,40.7881714026461,-73.95091505822364,181.5095494805163,356.66659018416306,PATROL02
2024-01-01 12:15:10.500,40.79015707179267,-73.97265707179268,90.62424856299175,134.99999999997965,DELIV01
2024-01-01 12:15:10.800,40.78250423846762,-73.97725222892208,151.7605359072557,176.19123540252463,PATROL01
2024-01-01 12:15:12.000,40.788261803256376,-73.95092032358069,182.01124320960017,355.7155324737018,PATROL02
2024-01-01 12:15:14.400,40.78239127131729,-73.97724470829512,152.26163163912773,175.2407234423173,PATROL01
2024-01-01 12:15:15.000,40.788352146504515,-73.95092709189427,182.51166149797223,354.7654798103748,PATROL02
2024-01-01 12:15:15.000,40.79001120603914,-73.97251120603914,90.42346530284071,134.99999999997965,DELIV01
2024-01-01 12:15:15.600,40.76649324469996,-73.9650682674773,123.92796727441211,270.0,SEARCH01
2024-01-01 12:15:18.000,40.78844241806702,-73.9509353620913,183.01048700268026,353.81665135483604,PATROL02
2024-01-01 12:15:18.000,40.782278384823414,-73.97723530974733,152.7612931451171,174.2913259170158,PATROL01
2024-01-01 12:15:19.500,40.78985895025083,-73.97235895025084,90.26085691914463,134.99999999997965,DELIV01
2024-01-01 12:15:21.000,40.788532603631786,-73.95094513286058,183.50740339084427,352.869263806524,PATROL02
2024-01-01 12:15:21.600,40.782165596883594,-73.97722403476881,153.2592035621891,173.34326072100134,PATROL01
2024-01-01 12:15:24.000,40.7897001703636,-73.9722001703636,90.13707161661998,134.99999999997965,DELIV01
2024-01-01 12:15:24.000,40.788622688900325,-73.950956402653,184.00209554026088,351.92353096350195,PATROL02
2024-01-01 12:15:25.200,40.78205292537982,-73.97721088514716,153.75504713777158,172.39674306677432,PATROL01
2024-01-01 12:15:26.400,40.76649324469996,-73.96555235634689,123.19268211113402,270.0,SEARCH01
2024-01-01 12:15:27.000,40.788712659590054,-73.9509691696818,184.49424973923965,350.9796633121993,PATROL02
2024-01-01 12:15:28.500,40.78953474530743,-73.97203474530744,90.05260283979342,134.99999999997965,DELIV01
2024-01-01 12:15:28.800,40.7819403881756,-73.97719586296719,154.248509429991,171.45198504392886,PATROL01
2024-01-01 12:15:30.000,40.78880250143657,-73.95098343192282,184.98355388554504,350.0378676609882,PATROL02
2024-01-01 12:15:32.400,40.78182800311316,-73.97717897061058,154.73927750707745,170.50919528517375,PATROL01
2024-01-01 12:15:33.000,40.788892200195875,-73.95099918711486,185.46969768431785,349.0983467434582,PATROL02
2024-01-01 12:15:33.000,40.789362568829034,-73.97186256882904,90.00778730598725,134.99999999997965,DELIV01
2024-01-01 12:15:36.000,40.78171578801061,-73.97716021075554,155.2270401458121,169.56857850662175,PATROL01
2024-01-01 12:15:36.000,40.78898174164667,-73.95101643275999,185.9523728448502,348.16129882187073,PATROL02
2024-01-01 12:15:37.200,40.76649324469996,-73.96603644521649,122.44926706040269,270.0,SEARCH01
2024-01-01 12:15:37.500,40.789183551363074,-73.97168355136309,90.00280366306522,134.99999999997965,DELIV01
2024-01-01 12:15:39.000,40.78907111159259,-73.95103516612402,186.4312732760899,347.2269174537348,PATROL02
2024-01-01 12:15:39.600,40.7816037606591,-73.97713958637637,155.7114880288911,168.63033517062672,PATROL01
2024-01-01 12:15:42.000,40.78899762193349,-73.9714976219335,90.03767177728993,134.99999999997965,DELIV01
2024-01-01 12:15:42.000,40.78916029586448,-73.95105538423685,186.90609528074964,346.29539107133195,PATROL02
2024-01-01 12:15:43.200,40.781491938820025,-73.97711710074293,156.1923139410806,167.69466116107162,PATROL01
2024-01-01 12:15:45.000,40.78924928032259,-73.95107708389301,187.37653774789828,345.36690272714696,PATROL02
2024-01-01 12:15:46.500,40.78880473006361,-73.97130473006362,90.11225265412997,134.99999999997965,DELIV01
2024-01-01 12:15:46.800,40.7813803402222,-73.97709275742022,156.66921296403922,166.7617474323131,PATROL01
2024-01-01 12:15:48.000,40.78933805085888,-73.95110026165213,187.84230234391194,344.44162985319167,PATROL02
2024-01-01 12:15:48.000,40.76649324469996,-73.96652053408607,121.69961516401905,270.0,SEARCH01
2024-01-01 12:15:50.400,40.78126898255903,-73.97706656026777,157.14188266968344,165.83177968917482,PATROL01
2024-01-01 12:15:51.000,40.78860484767069,-73.9711048476707,90.22624899233293,134.99999999997965,DELIV01
2024-01-01 12:15:51.000,40.789426593399206,-73.95112491383946,188.30309370166398,343.5197439356515,PATROL02
2024-01-01 12:15:54.000,40.781157883485726,-73.977038513439,157.61002331197417,164.9049381456523,PATROL01
2024-01-01 12:15:54.000,40.78951489390558,-73.95115103654655,188.75861960783354,342.60141036561157,PATROL02
2024-01-01 12:15:55.500,40.78839797091779,-73.9708979709178,90.37920636905537,134.99999999997965,DELIV01
2024-01-01 12:15:57.000,40.789602938378394,-73.95117862563175,189.20859118821426,341.6867882114866,PATROL02
2024-01-01 12:15:57.600,40.781047060616515,-73.9770086213806,158.07333801700216,163.9813972097446,PATROL01
2024-01-01 12:15:58.800,40.76649324469996,-73.96700462295566,120.94563534536933,270.0,SEARCH01
2024-01-01 12:16:00.000,40.78969071285862,-73.95120767672095,189.6527230909054,340.77603000900996,PATROL02
2024-01-01 12:16:00.000,40.78818412199347,-73.97068412199347,90.57051505132563,134.99999999997965,DELIV01
2024-01-01 12:16:01.200,40.780936531521824,-73.97697688883181,158.53153297125235,163.0613253045276,PATROL01
2024-01-01 12:16:03.000,40.789778203430046,-73.95123818520825,190.0907336672692,339.8692816780025,PATROL02
2024-01-01 12:16:04.500,40.78796335078735,-73.97046335078736,90.79941242661826,134.99999999997965,DELIV01
2024-01-01 12:16:04.800,40.7808263137255,-73.97694332082366,158.98431760792712,162.14488462759687,PATROL01
2024-01-01 12:16:06.000,40.78986539622146,-73.95127014625666,190.52234515054002,338.96668231679996,PATROL02
2024-01-01 12:16:08.400,40.78071642470203,-73.97690792267822,159.43140479121092,161.2322309363326,PATROL01
2024-01-01 12:16:09.000,40.78995227740887,-73.95130355479893,190.94728383197156,338.0683641716448,PATROL02
2024-01-01 12:16:09.000,40.7877357364284,-73.9702357364284,91.06498604285126,134.99999999997965,DELIV01
2024-01-01 12:16:09.600,40.76649324469996,-73.96748871182524,120.18924754851756,270.0,SEARCH01
2024-01-01 12:16:12.000,40.780606881873794,-73.97687070000768,159.87251099835896,160.32351343402195,PATROL01
2024-01-01 12:16:12.000,40.7900388332177,-73.95133840553828,191.36528023441076,337.1744524979012,PATROL02
2024-01-01 12:16:13.500,40.787501388651016,-73.97000138865103,91.36617724568777,134.99999999997965,DELIV01
2024-01-01 12:16:15.000,40.79012504992493,-73.95137469294932,191.77606928318804,336.2850655469694,PATROL02
2024-01-01 12:16:15.600,40.780497702608265,-73.97683165871351,160.3073564994946,159.41887459686905,PATROL01
2024-01-01 12:16:18.000,40.79021091386134,-73.95141241127884,192.17939047421612,335.400314504171,PATROL02
2024-01-01 12:16:18.000,40.787260448954264,-73.96976044895428,91.70178539864274,134.99999999997965,DELIV01
2024-01-01 12:16:19.200,40.7803889042153,-73.97679080498551,160.73566553500174,158.5184500735328,PATROL01
2024-01-01 12:16:20.400,40.76649324469996,-73.96797280069484,119.43237784923495,270.0,SEARCH01
2024-01-01 12:16:21.000,40.7902964114136,-73.95145155454678,192.57498803918986,334.52030346949226,PATROL02
2024-01-01 12:16:22.500,40.78701309151955,-73.96951309151956,92.07047266917222,134.99999999997965,DELIV01
2024-01-01 12:16:22.800,40.78028050394433,-73.97674814530085,161.15716649039905,157.62236859544282,PATROL01
2024-01-01 12:16:24.000,40.7903815290265,-73.95149211654717,192.96261110778312,333.6451294977081,PATROL02
2024-01-01 12:16:26.400,40.780172518981715,-73.97670368642302,161.57159206858594,156.7307518684495,PATROL01
2024-01-01 12:16:27.000,40.79046625320506,-73.95153409084911,193.34201386673965,332.7748825901328,PATROL02
2024-01-01 12:16:27.000,40.78675952385364,-73.96925952385365,92.47076936166623,134.99999999997965,DELIV01
2024-01-01 12:16:30.000,40.79055057051667,-73.95157747079776,193.71295571575683,331.9096457440392,PATROL02
2024-01-01 12:16:30.000,40.78006496644793,-73.97665743540075,161.97867945935036,155.8437145897517,PATROL01
2024-01-01 12:16:31.200,40.76649324469996,-73.96845688956442,118.67695355041536,270.0,SEARCH01
2024-01-01 12:16:31.500,40.7864999871261,-73.96899998712611,92.90107977608668,134.99999999997965,DELIV01
2024-01-01 12:16:33.000,40.790634467593236,-73.95162224951547,194.07520142006356,331.0494950614043,PATROL02
2024-01-01 12:16:33.600,40.77995786339491,-73.97660939956691,162.37817050603132,154.96136439236034,PATROL01
2024-01-01 12:16:36.000,40.79071793113328,-73.95166841990276,194.4285212595958,330.19449974663416,PATROL02
2024-01-01 12:16:36.000,40.7862347561735,-73.9687347561735,93.35968856889568,134.99999999997965,DELIV01
2024-01-01 12:16:37.200,40.77985122680332,-73.97655958653736,162.7698118692303,154.08380181447183,PATROL01
2024-01-01 12:16:39.000,40.79080094790406,-73.95171597463955,194.77269117467475,329.3447222629402,PATROL02
2024-01-01 12:16:40.500,40.78596413914731,-73.96846413914731,93.84476759091821,134.99999999997965,DELIV01
2024-01-01 12:16:40.800,40.779745073579875,-73.9765080042097,163.1533551874679,153.21112037268733,PATROL01
2024-01-01 12:16:42.000,40.79088350474368,-73.9517649061863,195.1074929080954,328.5002184415237,PATROL02
2024-01-01 12:16:42.000,40.76649324469996,-73.968940978434,117.924898274366,270.0,SEARCH01
2024-01-01 12:16:44.400,40.77963942055465,-73.97645466076209,163.5285572346835,152.3434065387694,PATROL01
2024-01-01 12:16:45.000,40.790965588563154,-73.9518152067851,195.4327141435356,327.6610375365989,PATROL02
2024-01-01 12:16:45.000,40.78568847678741,-73.96818847678742,94.35438317488082,134.99999999997965,DELIV01
2024-01-01 12:16:48.000,40.779534284478416,-73.97639956465183,163.89518007447842,151.48073984453328,PATROL01
2024-01-01 12:16:48.000,40.791047186348486,-73.95186686846107,195.74814864019766,326.82722244427595,PATROL02
2024-01-01 12:16:49.500,40.785408141309624,-73.96790814130964,94.88650384357673,134.99999999997965,DELIV01
2024-01-01 12:16:51.000,40.79112828516275,-73.95191988302349,196.05359636359685,325.9988097985506,PATROL02
2024-01-01 12:16:51.600,40.779429682019995,-73.97634272461416,164.25299121100454,150.6231929271121,PATROL01
2024-01-01 12:16:52.800,40.76649324469996,-73.9694250673036,117.17812706447049,270.0,SEARCH01
2024-01-01 12:16:54.000,40.785123534902596,-73.9676235349026,95.43900840792983,134.99999999997965,DELIV01
2024-01-01 12:16:54.000,40.79120887214812,-73.95197424206715,196.34886361241465,325.1758300988554,PATROL02
2024-01-01 12:16:55.200,40.77932562976358,-73.97628414966078,164.6017637364029,149.77083160241557,PATROL01
2024-01-01 12:16:57.000,40.79128893452793,-73.95202993697372,196.63376314133515,324.3583079422018,PATROL02
2024-01-01 12:16:58.500,40.784835087836996,-73.967335087837,96.00969442267659,134.99999999997965,DELIV01
2024-01-01 12:16:58.800,40.77922214420617,-73.97622384907848,164.94127647469838,148.92371500865386,PATROL01
2024-01-01 12:17:00.000,40.79136845960866,-73.95208695891301,196.90811427978798,323.54626214018054,PATROL02
2024-01-01 12:17:02.400,40.779119241754884,-73.97616183242762,165.27131412205972,148.08189565989693,PATROL01
2024-01-01 12:17:03.000,40.79144743478202,-73.95214529884448,197.1717430465213,322.73970587658937,PATROL02
2024-01-01 12:17:03.000,40.784543256198155,-73.96704325619817,96.59628696595887,134.99999999997965,DELIV01
2024-01-01 12:17:03.600,40.76649324469996,-73.96990915617319,116.43854150869734,270.0,SEARCH01
2024-01-01 12:17:06.000,40.79152584752687,-73.95220494751864,197.42448225993306,321.93864695395223,PATROL02
2024-01-01 12:17:06.000,40.7790169387244,-73.97609810954063,165.59166738333562,147.24541963738824,PATROL01
2024-01-01 12:17:07.500,40.784248519261396,-73.9667485192614,97.19644770782986,134.99999999997965,DELIV01
2024-01-01 12:17:09.000,40.791603685411246,-73.95226589547845,197.66617164409013,321.143087901009,PATROL02
2024-01-01 12:17:09.600,40.77891525133438,-73.97603269052047,165.9021331047804,146.4143266797712,PATROL01
2024-01-01 12:17:12.000,40.78395137653766,-73.96645137653766,97.80778423152309,134.99999999997965,DELIV01
2024-01-01 12:17:12.000,40.79168093609434,-73.95232813306093,197.896657930368,320.35302622738214,PATROL02
2024-01-01 12:17:13.200,40.77881419570686,-73.975965585739,166.20251440288493,145.58865035443364,PATROL01
2024-01-01 12:17:14.400,40.76649324469996,-73.97039324504277,115.70802489737147,270.0,SEARCH01
2024-01-01 12:17:15.000,40.791757587328426,-73.9523916503986,198.11579495464713,319.5684545301189,PATROL02
2024-01-01 12:17:16.500,40.78365234452468,-73.96615234452469,98.42785957032748,134.99999999997965,DELIV01
2024-01-01 12:17:16.800,40.77871378786371,-73.97589680583538,166.4926207892315,144.76841820289013,PATROL01
2024-01-01 12:17:18.000,40.79183362696082,-73.9524564374211,198.32344375000352,318.78936078984555,PATROL02
2024-01-01 12:17:20.400,40.778614043724104,-73.9758263617143,166.772268291293,143.95365190898042,PATROL01
2024-01-01 12:17:21.000,40.783351953206406,-73.96585195320641,99.05420192205155,134.99999999997965,DELIV01
2024-01-01 12:17:21.000,40.79190904293583,-73.95252248385677,198.51947263483544,318.0157284435014,PATROL02
2024-01-01 12:17:24.000,40.778514979102,-73.97575426454434,167.04127956910014,143.1443674773813,PATROL01
2024-01-01 12:17:24.000,40.79198382329659,-73.95258977923426,198.70375729636993,317.2475366817029,PATROL02
2024-01-01 12:17:25.200,40.76649324469996,-73.97087733391236,114.98843742753915,270.0,SEARCH01
2024-01-01 12:17:25.500,40.78305074234943,-73.96555074234944,99.6843145023519,134.99999999997965,DELIV01
2024-01-01 12:17:27.000,40.79205795618706,-73.95265831288421,198.87618086949658,316.48476054727934,PATROL02
2024-01-01 12:17:27.600,40.778416609703605,-73.97568052575615,167.29948402770245,142.34057540640225,PATROL01
2024-01-01 12:17:30.000,40.792131429853825,-73.95272807394097,199.03663401087792,315.7273712066883,PATROL02
2024-01-01 12:17:30.000,40.782749257650565,-73.96524925765057,100.3156854976481,134.99999999997965,DELIV01
2024-01-01 12:17:31.200,40.7783189511249,-73.97560515704068,167.5467179253521,141.54228083625662,PATROL01
2024-01-01 12:17:33.000,40.79220423264799,-73.95279905134424,199.18501496829037,314.97533605825924,PATROL02
2024-01-01 12:17:34.500,40.78244804679359,-73.9649480467936,100.94579807794845,134.99999999997965,DELIV01
2024-01-01 12:17:34.800,40.7782220188492,-73.97552817034725,167.78282447734162,140.74948379496539,PATROL01
2024-01-01 12:17:36.000,40.76649324469996,-73.97136142278195,114.28161146613793,270.0,SEARCH01
2024-01-01 12:17:36.000,40.79227635302703,-73.95287123384091,199.32122964515077,314.2286189738014,PATROL02
2024-01-01 12:17:38.400,40.778125828244626,-73.97544957788172,168.0076539554296,139.96217934843253,PATROL01
2024-01-01 12:17:39.000,40.79234777955661,-73.95294460998679,199.44519166018827,313.487180443027,PATROL02
2024-01-01 12:17:39.000,40.78214765547531,-73.96464765547532,101.5721404296725,134.99999999997965,DELIV01
2024-01-01 12:17:42.000,40.79241850091239,-73.95301916814844,199.5568224022235,312.7509777785603,PATROL02
2024-01-01 12:17:42.000,40.77803039456173,-73.97536939210457,168.22106378279182,139.18035776767078,PATROL01
2024-01-01 12:17:43.500,40.78184862346234,-73.96434862346234,102.19221576847691,134.99999999997965,DELIV01
2024-01-01 12:17:45.000,40.79248850588186,-73.95309489650505,199.6560510800203,312.01996525689475,PATROL02
2024-01-01 12:17:45.600,40.77793573293107,-73.97528762572884,168.42291862443705,138.40400477389102,PATROL01
2024-01-01 12:17:46.800,40.76649324469996,-73.97184551165154,113.58934688403347,270.0,SEARCH01
2024-01-01 12:17:48.000,40.79255778336607,-73.95317178305025,199.74281476717826,311.29409433393096,PATROL02
2024-01-01 12:17:48.000,40.7815514807386,-73.9640514807386,102.80355229217015,134.99999999997965,DELIV01
2024-01-01 12:17:49.200,40.77784185836078,-73.9752042917182,168.61309047303052,137.6331016925152,PATROL01
2024-01-01 12:17:51.000,40.79262632238141,-73.95324981559403,199.817058442038,310.5733137424301,PATROL02
2024-01-01 12:17:52.500,40.78125674380184,-73.96375674380184,103.40371303404113,134.99999999997965,DELIV01
2024-01-01 12:17:52.800,40.77774878573421,-73.97511940328486,168.79145873007036,136.8676256235795,PATROL01
2024-01-01 12:17:54.000,40.792694112061355,-73.95332898176476,199.87873502257327,309.85756972836737,PATROL02
2024-01-01 12:17:56.400,40.77765652980759,-73.97503297388745,168.95791028236587,136.10754970496203,PATROL01
2024-01-01 12:17:57.000,40.780964912163,-73.963464912163,103.99030557732341,134.99999999997965,DELIV01
2024-01-01 12:17:57.000,40.79276114165817,-73.95340926901098,199.92780539624843,309.1468061587997,PATROL02
2024-01-01 12:17:57.600,40.76649324469996,-73.97232960052112,112.91340647280494,270.0,SEARCH01
2024-01-01 12:18:00.000,40.77756510520762,-73.97494501722895,169.11233957376888,135.35284320289162,PATROL01
2024-01-01 12:18:00.000,40.79282740054465,-73.95349066460355,199.96423844482177,308.44096466916403,PATROL02
2024-01-01 12:18:01.500,40.7806764650974,-73.9631764650974,104.56099159207015,134.99999999997965,DELIV01
2024-01-01 12:18:03.000,40.79289287821577,-73.9535731556376,199.98801106407933,307.73998483988845,PATROL02
2024-01-01 12:18:03.600,40.777474526429245,-73.97485554725444,169.25464867211258,134.60347177562915,PATROL01
2024-01-01 12:18:06.000,40.792957564290354,-73.95365672903459,199.9991081784866,307.04380432863263,PATROL02
2024-01-01 12:18:06.000,40.78039185869037,-73.96289185869037,105.11349615642327,134.99999999997965,DELIV01
2024-01-01 12:18:07.200,40.777384807833286,-73.97476457814896,169.38474733131596,133.85939759911878,PATROL01
2024-01-01 12:18:08.400,40.76649324469996,-73.97281368939072,112.25551145594939,270.0,SEARCH01
2024-01-01 12:18:09.000,40.79302144851276,-73.95374137154435,199.99752275074874,306.35235896623135,PATROL02
2024-01-01 12:18:10.500,40.78011152321258,-73.96261152321259,105.64561682511918,134.99999999997965,DELIV01
2024-01-01 12:18:10.800,40.77729596364419,-73.97467212433521,169.50255304861372,133.1205796050433,PATROL01
2024-01-01 12:18:12.000,40.793084520754434,-73.95382706974723,199.98325578627328,305.66558295874125,PATROL02
2024-01-01 12:18:14.400,40.77720800794776,-73.97457820047131,169.60799111687587,132.38697357597755,PATROL01
2024-01-01 12:18:15.000,40.779835860852685,-73.96233586085269,106.15523240908179,134.99999999997965,DELIV01
2024-01-01 12:18:15.000,40.79314677101559,-73.95391381005619,199.95631633253257,304.98340893919095,PATROL02
2024-01-01 12:18:18.000,40.793208189426764,-73.95400157871899,199.91672147332622,304.30576813418423,PATROL02
2024-01-01 12:18:18.000,40.77712095468897,-73.97448282144842,169.70099467198364,131.65853240524348,PATROL01
2024-01-01 12:18:19.200,40.76649324469996,-73.9732977782603,111.61733710593586,270.0,SEARCH01
2024-01-01 12:18:19.500,40.7795652438265,-73.9620652438265,106.64031143110431,134.99999999997965,DELIV01
2024-01-01 12:18:21.000,40.79326876625034,-73.9540903618203,199.8644963179475,303.6325904611599,PATROL02
2024-01-01 12:18:21.600,40.77703481766966,-73.97438600238841,169.78150473523172,130.93520619026413,PATROL01
2024-01-01 12:18:24.000,40.79332849188218,-73.95418014528404,199.79967398525983,302.9638046452979,PATROL02
2024-01-01 12:18:24.000,40.7793000128739,-73.9618000128739,107.09892022391332,134.99999999997965,DELIV01
2024-01-01 12:18:25.200,40.776949610546446,-73.97428775864148,169.84947025072998,130.2169424491443,PATROL01
2024-01-01 12:18:27.000,40.79338735685306,-73.95427091487545,199.7222955826946,302.2993383061499,PATROL02
2024-01-01 12:18:28.500,40.779040476146356,-73.96154047614635,107.52923063833377,134.99999999997965,DELIV01
2024-01-01 12:18:28.800,40.7768653468285,-73.97418810578371,169.90484811778077,129.5036862242472,PATROL01
2024-01-01 12:18:30.000,40.76649324469996,-73.97378186712989,111.00050847826957,270.0,SEARCH01
2024-01-01 12:18:30.000,40.79344535183023,-73.95436265620347,199.6324101801825,301.6391180961052,PATROL02
2024-01-01 12:18:32.400,40.776782039875435,-73.97408705961455,169.9476032182115,128.79538030657477,PATROL01
2024-01-01 12:18:33.000,40.77878690848045,-73.96128690848045,107.92952733082778,134.99999999997965,DELIV01
2024-01-01 12:18:33.000,40.79350246761888,-73.95445535472294,199.5300747790355,300.98306972137544,PATROL02
2024-01-01 12:18:36.000,40.77669970289516,-73.9739846361544,169.977708438645,128.09196530937277,PATROL01
2024-01-01 12:18:36.000,40.79355869516356,-73.95454899573697,199.41535427579933,300.3311181248471,PATROL02
2024-01-01 12:18:37.500,40.77853955104573,-73.96103955104573,108.29821460135726,134.99999999997965,DELIV01
2024-01-01 12:18:39.000,40.79361402554969,-73.95464356439923,199.28832142109889,299.68318748716433,PATROL02
2024-01-01 12:18:39.600,40.77661834894179,-73.97388085164198,169.99514468769362,127.39337986555131,PATROL01
2024-01-01 12:18:40.800,40.76649324469996,-73.97426595599947,110.4065962734294,270.0,SEARCH01
2024-01-01 12:18:42.000,40.77829861134898,-73.96079861134898,108.63382275431223,134.99999999997965,DELIV01
2024-01-01 12:18:42.000,40.79366845000489,-73.95473904571634,199.14905677350302,299.03920136079677,PATROL02
2024-01-01 12:18:43.200,40.77653799091361,-73.97377572253184,169.9999009080661,126.69956073744072,PATROL01
2024-01-01 12:18:45.000,40.793721959900424,-73.95483542455017,198.99764864843794,298.39908271866636,PATROL02
2024-01-01 12:18:46.500,40.77806426357159,-73.9605642635716,108.93501395714874,134.99999999997965,DELIV01
2024-01-01 12:18:46.800,40.77645864155099,-73.97366926549168,169.99197408357975,126.01044295845185,PATROL01
2024-01-01 12:18:48.000,40.79377454675257,-73.95493268562035,198.8341930621815,297.7627540340197,PATROL02
2024-01-01 12:18:50.400,40.77638031343438,-73.97356149739974,169.97136924107292,125.32595995906468,PATROL01
2024-01-01 12:18:51.000,40.777836649212645,-73.96033664921265,109.20058757338174,134.99999999997965,DELIV01
2024-01-01 12:18:51.000,40.79382620222394,-73.9550308135066,198.6587936709739,297.13013734683886,PATROL02
2024-01-01 12:18:51.600,40.76649324469996,-73.97475004486907,109.83711283721564,270.0,SEARCH01
2024-01-01 12:18:54.000,40.776303018982325,-73.97345243534212,169.9380994472175,124.6460436971193,PATROL01
2024-01-01 12:18:54.000,40.79387691812481,-73.9551297926512,198.4715617052836,296.50115430727396,PATROL02
2024-01-01 12:18:55.500,40.77761587800653,-73.96011587800653,109.42948494867437,134.99999999997965,DELIV01
2024-01-01 12:18:57.000,40.79392668641441,-73.95522960736153,198.27261589926985,295.8757262755795,PATROL02
2024-01-01 12:18:57.600,40.77622677044949,-73.97334209661011,169.8921858002324,123.97062475214489,PATROL01
2024-01-01 12:19:00.000,40.793975499202226,-73.95533024181243,198.06208241548688,295.25377433325747,PATROL02
2024-01-01 12:19:00.000,40.777402029082204,-73.9599020290822,109.62079363094463,134.99999999997965,DELIV01
2024-01-01 12:19:01.200,40.77615157992471,-73.97323049869735,169.83365741650408,123.29963247079974,PATROL01
2024-01-01 12:19:02.400,40.76649324469996,-73.97523413373865,109.29350830969292,270.0,SEARCH01
2024-01-01 12:19:03.000,40.79402334874923,-73.95543168004882,197.8400947648771,294.6352193654637,PATROL02
2024-01-01 12:19:04.500,40.777195152329305,-73.9596951523293,109.77375100766707,134.99999999997965,DELIV01
2024-01-01 12:19:04.800,40.77607745932906,-73.97311765929715,169.7625514121223,122.63299503631038,PATROL01
2024-01-01 12:19:06.000,40.794070227469106,-73.95553390598813,197.60679372210456,294.01998208162814,PATROL02
2024-01-01 12:19:08.400,40.77600442041402,-73.97300359629965,169.67891287934256,121.97063960645966,PATROL01
2024-01-01 12:19:09.000,40.79411612792946,-73.95563690342294,197.36232723628183,293.4079830728809,PATROL02
2024-01-01 12:19:09.000,40.776995269936386,-73.95949526993638,109.88774734587003,134.99999999997965,DELIV01
2024-01-01 12:19:12.000,40.79416104285301,-73.95574065602354,197.10685033714734,292.79914285747554,PATROL02
2024-01-01 12:19:12.000,40.775932474759536,-73.972888327789,169.5827948579909,121.31249236610034,PATROL01
2024-01-01 12:19:13.200,40.76649324469996,-73.97571822260824,108.77716693253453,270.0,SEARCH01
2024-01-01 12:19:13.500,40.776802378066506,-73.95930237806651,109.96232822271007,134.99999999997965,DELIV01
2024-01-01 12:19:15.000,40.7942049651187,-73.95584514734043,196.84052503675238,292.1933819120622,PATROL02
2024-01-01 12:19:15.600,40.77586163377225,-73.97277187204041,169.4742583018281,120.6584786776022,PATROL01
2024-01-01 12:19:18.000,40.77661644863692,-73.95911644863692,109.99719633693478,134.99999999997965,DELIV01
2024-01-01 12:19:18.000,40.79424788776288,-73.95595036080702,196.56352022672036,291.5906206955965,PATROL02
2024-01-01 12:19:19.200,40.775791908683665,-73.97265424751744,169.3533720398957,120.00852310309227,PATROL01
2024-01-01 12:19:21.000,40.79428980398036,-73.95605627974224,196.2760115711432,290.9907796943341,PATROL02
2024-01-01 12:19:22.500,40.77643743117096,-73.95893743117097,109.99221269401275,134.99999999997965,DELIV01
2024-01-01 12:19:22.800,40.77572331054834,-73.97253547286883,169.2202127328677,119.36254953959553,PATROL01
2024-01-01 12:19:24.000,40.79433070712554,-73.95616288735316,195.97818139518304,290.39377945037626,PATROL02
2024-01-01 12:19:24.000,40.76649324469996,-73.97620231147783,108.28940352417136,270.0,SEARCH01
2024-01-01 12:19:26.400,40.775655850242174,-73.97241556692575,169.07486482443568,118.72048126128965,PATROL01
2024-01-01 12:19:27.000,40.77626525469257,-73.95876525469257,109.94739716020656,134.99999999997965,DELIV01
2024-01-01 12:19:27.000,40.79437059071341,-73.95627016673764,195.6702185694498,289.7995405729137,PATROL02
2024-01-01 12:19:30.000,40.794409448420645,-73.9563781008871,195.3523183902277,289.20798377831585,PATROL02
2024-01-01 12:19:30.000,40.77558953846068,-73.9722945486987,168.91742048775848,118.0822410073547,PATROL01
2024-01-01 12:19:31.500,40.776099829636394,-73.9585998296364,109.86292838338002,134.99999999997965,DELIV01
2024-01-01 12:19:33.000,40.79444727408652,-73.95648667268905,195.02468245562733,288.6190298993538,PATROL02
2024-01-01 12:19:33.600,40.77552438571726,-73.97217243737452,168.74797956701005,117.44775105227575,PATROL01
2024-01-01 12:19:34.800,40.76649324469996,-73.97668640034742,107.83146013172112,270.0,SEARCH01
2024-01-01 12:19:36.000,40.79448406171398,-73.95659586493001,194.6875185377409,288.0325999052758,PATROL02
2024-01-01 12:19:36.000,40.775941049749164,-73.95844104974917,109.73914308085537,134.99999999997965,DELIV01
2024-01-01 12:19:37.200,40.77546040234157,-73.97204925231338,168.56664951406265,116.8169332646238,PATROL01
2024-01-01 12:19:39.000,40.794519805470514,-73.95670566029806,194.34104045088253,287.4486149246343,PATROL02
2024-01-01 12:19:40.500,40.77578879396086,-73.95828879396086,109.57653469715929,134.99999999997965,DELIV01
2024-01-01 12:19:40.800,40.775397598477866,-73.97192501304568,168.37354532034584,116.18970916484636,PATROL01
2024-01-01 12:19:42.000,40.79455449968913,-73.95681604138566,193.98546791599676,286.8669962456744,PATROL02
2024-01-01 12:19:44.400,40.775335984083384,-73.97179973926892,168.1687894439239,115.56599998964634,PATROL01
2024-01-01 12:19:45.000,40.794588138869216,-73.95692699069247,193.62102642132132,286.28766535134525,PATROL02
2024-01-01 12:19:45.000,40.775642928207326,-73.95814292820732,109.37575143700825,134.99999999997965,DELIV01
2024-01-01 12:19:45.600,40.76649324469996,-73.977170489217,107.40450286822323,270.0,SEARCH01
2024-01-01 12:19:48.000,40.775275568926794,-73.97167345084466,167.9525117318385,114.94572674176061,PATROL01
2024-01-01 12:19:48.000,40.79462071767746,-73.95703849062798,193.24794707939256,285.7105438977311,PATROL02
2024-01-01 12:19:49.500,40.77550330718875,-73.95800330718875,109.13759368137437,134.99999999997965,DELIV01
2024-01-01 12:19:51.000,40.79465223094864,-73.95715052351443,192.86646648048418,285.13555374903865,PATROL02
2024-01-01 12:19:51.600,40.77521636258662,-73.97154616779532,167.72484933776536,114.32881023092801,PATROL01
2024-01-01 12:19:54.000,40.79468267368649,-73.95726307158957,192.47682654257218,284.5626169794711,PATROL02
2024-01-01 12:19:54.000,40.77536977605131,-73.95786977605131,108.86301079693209,134.99999999997965,DELIV01
2024-01-01 12:19:55.200,40.77515837444974,-73.97141791030101,167.48594663503766,113.71517112467569,PATROL01
2024-01-01 12:19:56.400,40.76649324469996,-73.97765457808659,107.00961894323342,270.0,SEARCH01
2024-01-01 12:19:57.000,40.79471204106445,-73.95737611700942,192.0792743579214,283.9916558655156,PATROL02
2024-01-01 12:19:58.500,40.77524217198203,-73.95774217198203,108.55309735160412,134.99999999997965,DELIV01
2024-01-01 12:19:58.800,40.7751016137099,-73.97128869869633,167.23595512509078,113.10473000839858,PATROL01
2024-01-01 12:20:00.000,40.76797417869469,-73.9803258213053,200.0,45.0,EMERG01
2024-01-01 12:20:00.000,40.79474032842648,-73.95748964185118,191.67406203639052,283.42259289169914,PATROL02
2024-01-01 12:20:02.400,40.77504608936622,-73.97115855346713,166.97503334138693,112.49740737897736,PATROL01
2024-01-01 12:20:03.000,40.79476753128774,-73.95760362811608,191.26144654555532,282.8553507765116,PATROL02
2024-01-01 12:20:03.000,40.76797877729372,-73.98032122270628,200.63105631312675,45.0,EMERG01
2024-01-01 12:20:03.000,40.775120325709274,-73.95762032570927,108.20908875129263,134.99999999997965,DELIV01
2024-01-01 12:20:06.000,40.767983660179155,-73.98031633982085,201.25959705067717,45.0,EMERG01
2024-01-01 12:20:06.000,40.79479364533535,-73.95771805773211,190.84168954775114,282.2898524473523,PATROL02
2024-01-01 12:20:06.000,40.774991810221834,-73.97102749524734,166.70334674888034,111.89312372943306,PATROL01
2024-01-01 12:20:07.200,40.76649324469996,-73.97813866695618,106.64781389433905,270.0,SEARCH01
2024-01-01 12:20:07.500,40.77500406290372,-73.95750406290372,107.8323563151889,134.99999999997965,DELIV01
2024-01-01 12:20:09.000,40.767988844823805,-73.9803111551762,201.8831166648972,45.0,EMERG01
2024-01-01 12:20:09.000,40.79481866642907,-73.95783291255702,190.41505723413854,281.7260210410561,PATROL02
2024-01-01 12:20:09.600,40.77493878488242,-73.97089554481558,166.42106763908663,111.29179954468384,PATROL01
2024-01-01 12:20:12.000,40.794842590601924,-73.95794817438116,189.9818201558966,281.16377991550286,PATROL02
2024-01-01 12:20:12.000,40.767994349761395,-73.9803056502386,202.49912962370308,45.0,EMERG01
2024-01-01 12:20:12.000,40.77489320547661,-73.9573932054766,107.42440180929283,134.99999999997965,DELIV01
2024-01-01 12:20:13.200,40.77488702175491,-73.97076272309194,166.12837502082328,110.69335536436705,PATROL01
2024-01-01 12:20:15.000,40.79486541406084,-73.95806382493029,189.5422530526514,280.6030526438129,PATROL02
2024-01-01 12:20:15.000,40.7680001946493,-73.9802998053507,203.1051803187417,45.0,EMERG01
2024-01-01 12:20:16.500,40.774787572773874,-73.95728757277388,106.98685145993306,134.99999999997965,DELIV01
2024-01-01 12:20:16.800,40.77483652904606,-73.97062905113467,165.8254545066904,110.09771176965921,PATROL01
2024-01-01 12:20:18.000,40.76649324469996,-73.97862275582577,106.3200090266451,270.0,SEARCH01
2024-01-01 12:20:18.000,40.794887133187274,-73.95817984586863,189.0966346782485,280.043763006246,PATROL02
2024-01-01 12:20:18.000,40.76800640033481,-73.98029359966519,203.69885285416547,45.0,EMERG01
2024-01-01 12:20:20.400,40.77478731476128,-73.9704945501368,165.51249819536312,109.50478944521456,PATROL01
2024-01-01 12:20:21.000,40.77468698266645,-73.95718698266646,106.52144947115187,134.99999999997965,DELIV01
2024-01-01 12:20:21.000,40.76801298892505,-73.98028701107495,204.2777806771021,45.0,EMERG01
2024-01-01 12:20:21.000,40.794907744537774,-73.95829621880158,188.64524762397969,279.4858349738699,PATROL02
2024-01-01 12:20:24.000,40.77473938670323,-73.97035924142284,165.18970454977162,108.91450917574207,PATROL01
2024-01-01 12:20:24.000,40.76801998386071,-73.98028001613929,204.8396560114284,45.0,EMERG01
2024-01-01 12:20:24.000,40.794927244844494,-73.9584129252788,188.18837813937608,278.92919273804705,PATROL02
2024-01-01 12:20:25.500,40.77459125253819,-73.95709125253819,106.03005107179614,134.99999999997965,DELIV01
2024-01-01 12:20:27.000,40.794945631015764,-73.95852994679703,187.7263159506816,278.37376067088906,PATROL02
2024-01-01 12:20:27.000,40.76802740999383,-73.98027259000617,205.38223905724288,45.0,EMERG01
2024-01-01 12:20:27.600,40.774692752470685,-73.97022314644528,164.85727827124435,108.3267918878044,PATROL01
2024-01-01 12:20:28.800,40.76649324469996,-73.97910684469535,106.02703906675075,270.0,SEARCH01
2024-01-01 12:20:30.000,40.76803529366974,-73.98026470633026,205.90336691936528,45.0,EMERG01
2024-01-01 12:20:30.000,40.77450020017413,-73.95700020017412,105.51461512003108,134.99999999997965,DELIV01
2024-01-01 12:20:30.000,40.794962900136554,-73.95864726480309,187.2593540771213,277.81946331755785,PATROL02
2024-01-01 12:20:31.200,40.77464741945726,-73.97008628678134,164.51543016969603,107.74155863332692,PATROL01
2024-01-01 12:20:33.000,40.794979049468914,-73.95876486069679,186.78778864508192,277.2662254220861,PATROL02
2024-01-01 12:20:33.000,40.768043662813405,-73.98025633718659,206.40096222927107,45.0,EMERG01
2024-01-01 12:20:34.500,40.77441364455264,-73.95691364455264,104.97719629475682,134.99999999997965,DELIV01
2024-01-01 12:20:34.800,40.7746033948503,-73.96994868412946,164.16437702994108,107.15873064450841,PATROL01
2024-01-01 12:20:36.000,40.794994076452454,-73.95888271583385,186.31191870032148,276.7139718785861,PATROL02
2024-01-01 12:20:36.000,40.76805254702029,-73.98024745297971,206.87304142609185,45.0,EMERG01
2024-01-01 12:20:38.400,40.77456068562969,-73.96981036030586,163.8043414742184,106.57822932134019,PATROL01
2024-01-01 12:20:39.000,40.77433140654569,-73.95683140654569,104.41993690505579,134.99999999997965,DELIV01
2024-01-01 12:20:39.000,40.76806197765197,-73.98023802234803,207.31772266367076,45.0,EMERG01
2024-01-01 12:20:39.000,40.79500797870472,-73.95900081152894,185.83204601832801,276.1626277498018,PATROL02
2024-01-01 12:20:39.600,40.76649324469996,-73.97959093356495,105.76965003719076,270.0,SEARCH01
2024-01-01 12:20:42.000,40.76807198793665,-73.98022801206335,207.7332333121534,45.0,EMERG01
2024-01-01 12:20:42.000,40.79502075402157,-73.95911912905854,185.3484749129469,275.6121182398011,PATROL02
2024-01-01 12:20:42.000,40.77451929856675,-73.96967133724111,163.43555182101449,105.99997623814693,PATROL01
2024-01-01 12:20:43.500,40.77425330953207,-73.95675330953206,103.8450583503201,134.99999999997965,DELIV01
2024-01-01 12:20:45.000,40.76808261307483,-73.98021738692518,208.11791702421021,45.0,EMERG01
2024-01-01 12:20:45.000,40.79503240037755,-73.95923764966399,184.86151204339856,275.062368699598,PATROL02
2024-01-01 12:20:45.600,40.77447924022322,-73.96953163697663,163.0582419402738,105.42389318424,PATROL01
2024-01-01 12:20:48.000,40.77417917992868,-73.95667917992868,103.25485226510212,134.99999999997965,DELIV01
2024-01-01 12:20:48.000,40.76809389035015,-73.98020610964984,208.470240337723,45.0,EMERG01
2024-01-01 12:20:48.000,40.79504291592619,-73.95935635455443,184.37146621980904,274.51330459179246,PATROL02
2024-01-01 12:20:49.200,40.77444051695015,-73.96939128166123,162.672651105089,104.84990213689184,PATROL01
2024-01-01 12:20:50.400,40.76649324469996,-73.98007502243453,105.54849735675381,270.0,SEARCH01
2024-01-01 12:20:51.000,40.76810585924577,-73.98019414075422,208.7887987886146,45.0,EMERG01
2024-01-01 12:20:51.000,40.79505229900028,-73.95947522490978,183.87864820737616,273.96485151665036,PATROL02
2024-01-01 12:20:52.500,40.77410884764541,-73.9566088476454,102.6516713839868,134.99999999997965,DELIV01
2024-01-01 12:20:52.800,40.77440313488692,-73.96925029354757,162.27902383996457,104.27792527657255,PATROL01
2024-01-01 12:20:54.000,40.76811856156628,-73.98018143843372,209.0723225094548,45.0,EMERG01
2024-01-01 12:20:54.000,40.7950605481122,-73.9595942418837,183.38337052929634,273.41693516918883,PATROL02
2024-01-01 12:20:56.400,40.77436709996027,-73.9691086949886,161.8776097657504,103.70788501206147,PATROL01
2024-01-01 12:20:57.000,40.76813204156542,-73.98016795843458,209.31968129152435,45.0,EMERG01
2024-01-01 12:20:57.000,40.795067661954086,-73.95971338660667,182.8859472685762,272.86948132516113,PATROL02
2024-01-01 12:20:57.000,40.77404214646899,-73.95654214646899,102.03792016290151,134.99999999997965,DELIV01
2024-01-01 12:21:00.000,40.79507363939807,-73.95983264018884,182.38669386885502,272.3224158632619,PATROL02
2024-01-01 12:21:00.000,40.768146346079625,-73.98015365392037,209.5298890901584,45.0,EMERG01
2024-01-01 12:21:00.000,40.77433241788338,-73.96896650843412,161.46866344134318,103.13970395127046,PATROL01
2024-01-01 12:21:01.200,40.76649324469996,-73.98055911130412,105.36414417151566,270.0,SEARCH01
2024-01-01 12:21:01.500,40.77397891438159,-73.95647891438158,101.41604519424952,134.99999999997965,DELIV01
2024-01-01 12:21:03.000,40.76816152466765,-73.98013847533235,209.70210795540987,45.0,EMERG01
2024-01-01 12:21:03.000,40.79507847949646,-73.95995198372313,181.88592693436476,271.775664711883,PATROL02
2024-01-01 12:21:03.600,40.77429909415491,-73.96882375642708,161.0524442022567,102.57330493350133,PATROL01
2024-01-01 12:21:06.000,40.77391899381941,-73.95641899381941,100.78852545407476,134.99999999997965,DELIV01
2024-01-01 12:21:06.000,40.76817762975624,-73.98012237024376,209.8356513723637,45.0,EMERG01
2024-01-01 12:21:06.000,40.79508218148188,-73.96007139828824,181.38396402915347,271.22915386948665,PATROL02
2024-01-01 12:21:07.200,40.77426713405818,-73.96868046160014,160.6292159961628,102.00861099685483,PATROL01
2024-01-01 12:21:09.000,40.768194716792,-73.98010528320799,209.9299869977867,45.0,EMERG01
2024-01-01 12:21:09.000,40.79508474476741,-73.96019086495153,180.88112347570058,270.68280936156555,PATROL02
2024-01-01 12:21:10.500,40.77386223187693,-73.95636223187692,100.15786242013638,134.99999999997965,DELIV01
2024-01-01 12:21:10.800,40.774236542660304,-73.96853664667199,160.1992472155073,101.44554541181122,PATROL01
2024-01-01 12:21:12.000,40.768212844399514,-73.98008715560049,209.98473878220378,45.0,EMERG01
2024-01-01 12:21:12.000,40.76649324469996,-73.9810432001737,105.2170599208365,270.0,SEARCH01
2024-01-01 12:21:12.000,40.79508616894664,-73.96031036477217,180.37772415305076,270.1365572505746,PATROL02
2024-01-01 12:21:14.400,40.7742073248114,-73.96839233444378,159.76281052730795,100.88403165073652,PATROL01
2024-01-01 12:21:15.000,40.773808480461746,-73.95630848046174,99.52657010028442,134.99999999997965,DELIV01
2024-01-01 12:21:15.000,40.79508645379377,-73.96042987880405,179.8740852945953,269.5903236251605,PATROL02
2024-01-01 12:21:15.000,40.768232074545594,-73.9800679254544,209.99968846894157,45.0,EMERG01
2024-01-01 12:21:18.000,40.76825247270982,-73.98004752729018,209.9747764641634,45.0,EMERG01
2024-01-01 12:21:18.000,40.77417948514382,-73.96824754779551,159.32018270024062,100.32399340194468,PATROL01
2024-01-01 12:21:18.000,40.79508559926366,-73.96054938809878,179.37052628562827,269.04403455341435,PATROL02
2024-01-01 12:21:19.500,40.77375759640519,-73.95625759640518,98.89716501088725,134.99999999997965,DELIV01
2024-01-01 12:21:21.000,40.768274108061114,-73.9800258919389,209.91010207442793,45.0,EMERG01
2024-01-01 12:21:21.000,40.79508360549176,-73.96066887370877,178.86736646080692,268.4976161240911,PATROL02
2024-01-01 12:21:21.600,40.7741530280714,-73.96810230968241,158.8716444291254,99.7653545589854,PATROL01
2024-01-01 12:21:22.800,40.76649324469996,-73.9815272890433,105.10761914197457,270.0,SEARCH01
2024-01-01 12:21:24.000,40.7737094415333,-73.9562094415333,98.272156145259,134.99999999997965,DELIV01
2024-01-01 12:21:24.000,40.795080472794204,-73.96078831669013,178.36492490164358,267.9509943764835,PATROL02
2024-01-01 12:21:24.000,40.76829705364027,-73.98000294635973,209.80592311082404,45.0,EMERG01
2024-01-01 12:21:25.200,40.77412795778879,-73.96795664313126,158.41748015692235,99.20803921605886,PATROL01
2024-01-01 12:21:27.000,40.795076201667655,-73.96090769810577,177.8635202341586,267.4040953203111,PATROL02
2024-01-01 12:21:27.000,40.76832138654823,-73.97997861345178,209.66265486126022,45.0,EMERG01
2024-01-01 12:21:28.500,40.77366388270272,-73.95616388270273,97.65403497207632,134.99999999997965,DELIV01
2024-01-01 12:21:28.800,40.774104278270755,-73.9678105712368,157.95797789435022,98.65197165992606,PATROL01
2024-01-01 12:21:30.000,40.76834718813979,-73.97995281186022,209.4808684350051,45.0,EMERG01
2024-01-01 12:21:30.000,40.79507079278927,-73.96102699902835,177.36347042682195,266.8568449309658,PATROL02
2024-01-01 12:21:32.400,40.774081993271565,-73.96766411715801,157.49342903724326,98.09707636542163,PATROL01
2024-01-01 12:21:33.000,40.795064247016604,-73.96114620054328,176.86509258891164,266.3091691088031,PATROL02
2024-01-01 12:21:33.000,40.768374544222404,-73.97992545577759,209.2612884860784,45.0,EMERG01
2024-01-01 12:21:33.000,40.773620791805605,-73.9561207918056,97.04526550365331,134.99999999997965,DELIV01
2024-01-01 12:21:33.600,40.76649324469996,-73.98201137791288,105.03610051635938,270.0,SEARCH01
2024-01-01 12:21:36.000,40.76840354525957,-73.97989645474044,209.00479032456752,45.0,EMERG01
2024-01-01 12:21:36.000,40.7740611063244,-73.96751730411447,157.02412818176077,97.54327798975771,PATROL01
2024-01-01 12:21:36.000,40.79505656538747,-73.96126528375176,176.36870276941733,265.76099367660254,PATROL02
2024-01-01 12:21:37.500,40.77358004574743,-73.95608004574743,96.44827447366572,134.99999999997965,DELIV01
2024-01-01 12:21:39.000,40.76843428657816,-73.97986571342183,208.7123964273846,45.0,EMERG01
2024-01-01 12:21:39.000,40.79504774911974,-73.9613842297737,175.87461575661607,265.2122443830058,PATROL02
2024-01-01 12:21:39.600,40.774041620740796,-73.96737015538267,156.55037293756737,96.99050136671951,PATROL01
2024-01-01 12:21:42.000,40.76846686857922,-73.97983313142078,208.38527236237377,45.0,EMERG01
2024-01-01 12:21:42.000,40.795037799611194,-73.96150301975082,175.38314487844764,264.6628468649427,PATROL02
2024-01-01 12:21:42.000,40.77354152640131,-73.95604152640131,95.86544166347865,134.99999999997965,DELIV01
2024-01-01 12:21:43.200,40.77402353961008,-73.96722269429233,156.07246373910235,96.43867147866399,PATROL01
2024-01-01 12:21:44.400,40.76649324469996,-73.98249546678247,105.00268615995394,270.0,SEARCH01
2024-01-01 12:21:45.000,40.795026718439274,-73.96162163484952,174.894601803816,264.11272666351283,PATROL02
2024-01-01 12:21:45.000,40.76850139695098,-73.97979860304902,208.02472214201578,45.0,EMERG01
2024-01-01 12:21:46.500,40.7735051205421,-73.9560051205421,95.29909041563998,134.99999999997965,DELIV01
2024-01-01 12:21:46.800,40.77400686579893,-73.96707494422267,155.5907036550574,95.8877134787806,PATROL01
2024-01-01 12:21:48.000,40.76853798288349,-73.97976201711651,207.6321830252517,45.0,EMERG01
2024-01-01 12:21:48.000,40.795014507360854,-73.96174005626396,174.40929634494262,263.5618091862071,PATROL02
2024-01-01 12:21:50.400,40.773991601950904,-73.96692692859878,155.10539819618404,95.3375526507956,PATROL01
2024-01-01 12:21:51.000,40.77347071976327,-73.95597071976327,94.75147837235531,134.99999999997965,DELIV01
2024-01-01 12:21:51.000,40.79500116831194,-73.961858265219,173.92753626089765,263.01001970587856,PATROL02
2024-01-01 12:21:51.000,40.76857674328339,-73.97972325671661,207.20921978814715,45.0,EMERG01
2024-01-01 12:21:54.000,40.768617800987585,-73.97968219901242,206.75751848623608,45.0,EMERG01
2024-01-01 12:21:54.000,40.79498670340737,-73.96197624297321,173.44962706243263,262.45728336186806,PATROL02
2024-01-01 12:21:54.000,40.773977750486004,-73.96677867088779,154.61685512155236,94.78811441468349,PATROL01
2024-01-01 12:21:55.200,40.76649324469996,-73.98297955565207,105.00746115951206,270.0,SEARCH01
2024-01-01 12:21:55.500,40.77343822037931,-73.95593822037931,94.22478847586412,134.99999999997965,DELIV01
2024-01-01 12:21:57.000,40.76866128497421,-73.9796387150258,206.2788797334086,45.0,EMERG01
2024-01-01 12:21:57.000,40.79497111494047,-73.96209397082177,172.97587181823926,261.90352513870766,PATROL02
2024-01-01 12:21:57.600,40.77396531360032,-73.96663019459525,154.12538424338396,94.23932431529221,PATROL01
2024-01-01 12:22:00.000,40.79495440538275,-73.96221143009949,172.50657096275674,261.3486698476595,PATROL02
2024-01-01 12:22:00.000,40.76870733056896,-73.97959266943104,205.7752115241359,45.0,EMERG01
2024-01-01 12:22:00.000,40.77340752331614,-73.95590752331614,93.72112026659141,134.99999999997965,DELIV01
2024-01-01 12:22:01.200,40.77395429326566,-73.96648152326134,153.63129723058267,93.69110800802156,PATROL01
2024-01-01 12:22:03.000,40.794936577383396,-73.9623286021838,172.0420221056498,260.7926421356906,PATROL02
2024-01-01 12:22:03.000,40.7687560796449,-73.9795439203551,205.2485216276447,45.0,EMERG01
2024-01-01 12:22:04.500,40.773378533991725,-73.95587853399172,93.2424815137639,134.99999999997965,DELIV01
2024-01-01 12:22:04.800,40.77394469122924,-73.96633268045719,153.1349074110884,93.14339124398634,PATROL01
2024-01-01 12:22:06.000,40.76649324469996,-73.98346364452165,105.05041335591248,270.0,SEARCH01
2024-01-01 12:22:06.000,40.79491763376897,-73.96244546849762,171.58251984307768,260.23536646816353,PATROL02
2024-01-01 12:22:06.000,40.76880768081315,-73.97949231918685,204.70090958436003,45.0,EMERG01
2024-01-01 12:22:08.400,40.77393650901341,-73.96618368978109,152.63652957317808,92.59609985691498,PATROL01
2024-01-01 12:22:09.000,40.794897577542876,-73.96256201051237,171.1283555708746,259.676767124324,PATROL02
2024-01-01 12:22:09.000,40.76886228960196,-73.97943771039803,204.13455833652134,45.0,EMERG01
2024-01-01 12:22:09.000,40.77335116218893,-73.95585116218892,92.79078021185283,134.99999999997965,DELIV01
2024-01-01 12:22:12.000,40.77392974791543,-73.96603457485479,152.13647976584141,92.04915976328965,PATROL01
2024-01-01 12:22:12.000,40.79487641188494,-73.96267820975089,170.6798172997594,259.1167681843986,PATROL02
2024-01-01 12:22:12.000,40.76892006862114,-73.97937993137886,203.55172552633428,45.0,EMERG01
2024-01-01 12:22:13.500,40.77332532192233,-73.95582532192233,92.36781697474831,134.99999999997965,DELIV01
2024-01-01 12:22:15.000,40.76898118770841,-73.9793188122916,202.9547344963467,45.0,EMERG01
2024-01-01 12:22:15.000,40.79485414015088,-73.96279404779034,170.2371894726921,258.55529352342626,PATROL02
2024-01-01 12:22:15.600,40.77392440900724,-73.96588535931974,151.63507509835648,91.50249694044692,PATROL01
2024-01-01 12:22:16.800,40.76649324469996,-73.98394773339123,105.13143337512093,270.0,SEARCH01
2024-01-01 12:22:18.000,40.77330093130065,-73.95580093130066,91.97527785798422,134.99999999997965,DELIV01
2024-01-01 12:22:18.000,40.76904582405408,-73.97925417594591,202.34596502792368,45.0,EMERG01
2024-01-01 12:22:18.000,40.79483076587176,-73.96290950626516,169.80075278449272,257.9922668269361,PATROL02
2024-01-01 12:22:19.200,40.77392049313529,-73.96573606683333,151.1326335391931,90.9560374049367,PATROL01
2024-01-01 12:22:21.000,40.79480629275346,-73.96302456687,169.37078400383723,257.4276115527561,PATROL02
2024-01-01 12:22:21.000,40.76911416229995,-73.97918583770006,201.727843854741,45.0,EMERG01
2024-01-01 12:22:22.500,40.77327791238615,-73.95577791238614,91.61472763762623,134.99999999997965,DELIV01
2024-01-01 12:22:22.800,40.77391800092043,-73.96558672106516,150.62947371437173,90.40970721987622,PATROL01
2024-01-01 12:22:24.000,40.79478072467607,-73.96313921136255,168.9475557977433,256.8612509482613,PATROL02
2024-01-01 12:22:24.000,40.76918639460778,-73.97911360539221,201.10283498911275,45.0,EMERG01
2024-01-01 12:22:26.400,40.773916932757786,-73.96543734569329,150.12591470540474,89.86343246665064,PATROL01
2024-01-01 12:22:27.000,40.76926272069262,-73.97903727930738,200.47342989971557,45.0,EMERG01
2024-01-01 12:22:27.000,40.77325619105211,-73.9557561910521,91.2876035726154,134.99999999997965,DELIV01
2024-01-01 12:22:27.000,40.7947540656933,-73.96325342156645,168.53133655865685,256.2931080536498,PATROL02
2024-01-01 12:22:27.600,40.76649324469996,-73.98443182226082,105.25031490670166,270.0,SEARCH01
2024-01-01 12:22:30.000,40.76934334781539,-73.9789566521846,199.84213757986362,45.0,EMERG01
2024-01-01 12:22:30.000,40.773917288816705,-73.96528796440042,149.62227584694924,89.31713923700897,PATROL01
2024-01-01 12:22:30.000,40.79472632003178,-73.96336717937427,168.12239023424962,255.72310568705336,PATROL02
2024-01-01 12:22:31.500,40.77323569683971,-73.95573569683971,90.99520967543249,134.99999999997965,DELIV01
2024-01-01 12:22:33.000,40.794697492090464,-73.96348046675026,167.72097616003543,255.15116644451888,PATROL02
2024-01-01 12:22:33.000,40.76942849072911,-73.97887150927089,199.21147454592523,45.0,EMERG01
2024-01-01 12:22:33.600,40.77391906904074,-73.96513860087026,149.11887652429942,88.77075361476761,PATROL01
2024-01-01 12:22:36.000,40.77321636281494,-73.95571636281494,90.73871151392159,134.99999999997965,DELIV01
2024-01-01 12:22:36.000,40.79466758643988,-73.96359326573324,167.32734889491104,254.57721271290472,PATROL02
2024-01-01 12:22:36.000,40.769518371572374,-73.97878162842763,198.5839548057505,45.0,EMERG01
2024-01-01 12:22:37.200,40.77392227314765,-73.96498927878366,148.61603597084655,88.22420168171487,PATROL01
2024-01-01 12:22:38.400,40.76649324469996,-73.98491591113041,105.40675522916895,270.0,SEARCH01
2024-01-01 12:22:39.000,40.76961321970348,-73.97868678029651,197.96207983709849,45.0,EMERG01
2024-01-01 12:22:39.000,40.79463660782142,-73.96370555843949,166.94175805972623,254.0011666666441,PATROL02
2024-01-01 12:22:40.500,40.773198125426525,-73.95569812542652,90.51913156499491,134.99999999997965,DELIV01
2024-01-01 12:22:40.800,40.77392690062943,-73.96484002181491,148.11407306563527,87.67740947467001,PATROL01
2024-01-01 12:22:42.000,40.79460456114659,-73.96381732706553,166.56444817898551,253.42295027733553,PATROL02
2024-01-01 12:22:42.000,40.769713271468106,-73.9785867285319,197.34832861601322,45.0,EMERG01
2024-01-01 12:22:44.400,40.77393295075241,-73.96469085362797,147.61330613114498,87.13030298949639,PATROL01
2024-01-01 12:22:45.000,40.773180924365484,-73.95568092436548,90.33734513873978,134.99999999997965,DELIV01
2024-01-01 12:22:45.000,40.79457145149625,-73.96392855389102,166.1956585257816,252.84248528703733,PATROL02
2024-01-01 12:22:45.000,40.76981876989302,-73.97848123010698,196.74514773489787,45.0,EMERG01
2024-01-01 12:22:48.000,40.7699299642981,-73.9783700357019,196.1549416496799,45.0,EMERG01
2024-01-01 12:22:48.000,40.773940422557395,-73.96454179787273,147.11405273142384,86.58280818058864,PATROL01
2024-01-01 12:22:48.000,40.794537284119755,-73.96403922128147,165.83562297005895,252.25969329011238,PATROL02
2024-01-01 12:22:49.200,40.76649324469996,-73.9854,105.60035598084116,270.0,SEARCH01
2024-01-01 12:22:49.500,40.77316470242685,-73.95566470242684,90.19407688917596,134.99999999997965,DELIV01
2024-01-01 12:22:51.000,40.79450206443419,-73.9641493116911,165.48456983030397,251.6744956485146,PATROL02
2024-01-01 12:22:51.000,40.770047109818535,-73.97825289018147,195.58006309494422,45.0,EMERG01
2024-01-01 12:22:51.600,40.77394931485975,-73.96439287818126,146.61662947070366,86.0348509172963,PATROL01
2024-01-01 12:22:54.000,40.77314940537408,-73.95564940537407,90.08989792557207,134.99999999997965,DELIV01
2024-01-01 12:22:54.000,40.79446579802345,-73.96425880766563,165.14272172875565,251.08681358448823,PATROL02
2024-01-01 12:22:54.000,40.77017046682896,-73.97812953317104,195.02280370524318,45.0,EMERG01
2024-01-01 12:22:55.200,40.77395962624965,-73.96424411816406,146.12135179262387,85.48635700433363,PATROL01
2024-01-01 12:22:57.000,40.77030030026119,-73.97799969973882,194.48538487996893,45.0,EMERG01
2024-01-01 12:22:57.000,40.794428490637415,-73.964367691845,164.8102954502284,250.4965681323696,PATROL02
2024-01-01 12:22:58.500,40.77313498180655,-73.95563498180654,90.02522353583662,134.99999999997965,DELIV01
2024-01-01 12:22:58.800,40.773971355092264,-73.96409554140628,145.628533780191,84.9372521358647,PATROL01
2024-01-01 12:23:00.000,40.77043687880728,-73.97786312119271,193.96994892820385,45.0,EMERG01
2024-01-01 12:23:00.000,40.77008648939992,-73.9854,105.83062417423403,90.0,SEARCH01
2024-01-01 12:23:00.000,40.79439014819098,-73.96447594696613,164.48750180463688,249.90368020272928,PATROL02
2024-01-01 12:23:02.400,40.773984499528055,-73.96394717146407,145.13848795660144,84.38746191717354,PATROL01
2024-01-01 12:23:03.000,40.77058047399968,-73.97771952600033,193.47855052884813,45.0,EMERG01
2024-01-01 12:23:03.000,40.77312138303039,-73.95562138303039,90.00031153105843,134.99999999997965,DELIV01
2024-01-01 12:23:03.000,40.794350776763146,-73.96458355586574,164.17454549330964,249.30807055622404,PATROL02
2024-01-01 12:23:06.000,40.79431038259607,-73.96469050148292,163.87162497917672,248.70965986638345,PATROL02
2024-01-01 12:23:06.000,40.773999057473034,-73.96379903186075,144.65152508705313,83.83691183633016,PATROL01
2024-01-01 12:23:06.000,40.77073135916081,-73.9775686408392,193.01314854006694,45.0,EMERG01
2024-01-01 12:23:07.500,40.77310856293301,-73.95560856293301,90.01526121779621,134.99999999997965,DELIV01
2024-01-01 12:23:09.000,40.79426897209406,-73.964796766862,163.5789323609134,248.10836869297518,PATROL02
2024-01-01 12:23:09.000,40.77088980821491,-73.9774101917851,192.57559819070715,45.0,EMERG01
2024-01-01 12:23:09.600,40.7740150266191,-73.96365114608312,144.167953981672,83.28552723723601,PATROL01
2024-01-01 12:23:10.800,40.77008648939992,-73.98491591113041,106.0969734514105,90.0,SEARCH01
2024-01-01 12:23:12.000,40.77309647786134,-73.95559647786133,90.0700130022133,134.99999999997965,DELIV01
2024-01-01 12:23:12.000,40.79422655182253,-73.96490233515509,163.29665325111966,247.5041175521771,PATROL02
2024-01-01 12:23:12.000,40.77105609435558,-73.97724390564443,192.16764368481108,45.0,EMERG01
2024-01-01 12:23:13.200,40.77403240443443,-73.96350353757778,143.68808129967852,82.733233347039,PATROL01
2024-01-01 12:23:15.000,40.79418312850702,-73.96500718962487,163.02496665861307,246.89682691294178,PATROL02
2024-01-01 12:23:15.000,40.77123048856391,-73.9770695114361,191.79091124870737,45.0,EMERG01
2024-01-01 12:23:16.500,40.77308508650416,-73.95558508650416,90.1643486276363,134.99999999997965,DELIV01
2024-01-01 12:23:16.800,40.77405118816386,-73.9633562297473,143.21221135491814,82.17995523480079,PATROL01
2024-01-01 12:23:18.000,40.771413257973045,-73.97688674202696,191.44690264839588,45.0,EMERG01
2024-01-01 12:23:18.000,40.79413870903208,-73.96511131364717,162.76404487490925,246.2864172397547,PATROL02
2024-01-01 12:23:20.400,40.77407137482931,-73.96320924594666,142.7406459228787,81.62561780927285,PATROL01
2024-01-01 12:23:21.000,40.77160466407697,-73.97669533592304,191.1369892030679,45.0,EMERG01
2024-01-01 12:23:21.000,40.7940933004402,-73.96521469071364,162.51405336496234,245.67280902925575,PATROL02
2024-01-01 12:23:21.000,40.77307434977843,-73.95557434977843,90.29789204459014,134.99999999997965,DELIV01
2024-01-01 12:23:21.600,40.77008648939992,-73.98443182226082,106.39872557709026,90.0,SEARCH01
2024-01-01 12:23:24.000,40.77409296123029,-73.96306260947941,142.27368404931843,81.07014581111389,PATROL01
2024-01-01 12:23:24.000,40.79404690993071,-73.96531730443434,162.27515066223464,245.05592281770868,PATROL02
2024-01-01 12:23:24.000,40.77180496078312,-73.97649503921689,190.86240631862563,45.0,EMERG01
2024-01-01 12:23:25.500,40.773064230719754,-73.95556423071974,90.47011090984161,134.99999999997965,DELIV01
2024-01-01 12:23:27.000,40.793999544858565,-73.96541913854037,162.04748826816152,244.43567926288108,PATROL02
2024-01-01 12:23:27.000,40.772014392310986,-73.97628560768902,190.62424856299174,45.0,EMERG01
2024-01-01 12:23:27.600,40.77411594394438,-73.96291634359403,141.81162186062394,80.51346381309048,PATROL01
2024-01-01 12:23:30.000,40.79395121273329,-73.96552017688641,161.8312105560761,243.81199916067433,PATROL02
2024-01-01 12:23:30.000,40.772233190941286,-73.97606680905872,190.4234653028407,45.0,EMERG01
2024-01-01 12:23:30.000,40.77305469437695,-73.95555469437694,90.68031870847565,134.99999999997965,DELIV01
2024-01-01 12:23:31.200,40.774140319327785,-73.96277047148028,141.35475237602031,79.95549619639422,PATROL01
2024-01-01 12:23:32.400,40.77008648939992,-73.98394773339123,106.73511216571681,90.0,SEARCH01
2024-01-01 12:23:33.000,40.77246157462374,-73.97583842537625,190.26085691914463,45.0,EMERG01
2024-01-01 12:23:33.000,40.79390192121771,-73.96562040345336,161.62645467965416,243.1848034753203,PATROL02
2024-01-01 12:23:34.500,40.77304570771086,-73.95554570771085,90.92767749054518,134.99999999997965,DELIV01
2024-01-01 12:23:34.800,40.7741660835159,-73.96262501626548,140.9033653217515,79.39616715058958,PATROL01
2024-01-01 12:23:36.000,40.79385167812674,-73.96571980235076,161.43335048593738,242.55401341883677,PATROL02
2024-01-01 12:23:36.000,40.77269974445459,-73.97560025554542,190.13707161661998,45.0,EMERG01
2024-01-01 12:23:38.400,40.77419323242395,-73.96248000101083,140.45774694734862,78.83540067014349,PATROL01
2024-01-01 12:23:39.000,40.77294788203885,-73.97535211796115,190.05260283979342,45.0,EMERG01
2024-01-01 12:23:39.000,40.773037239497185,-73.95553723949718,91.2112012113854,134.99999999997965,DELIV01
2024-01-01 12:23:39.000,40.79380049142619,-73.96581835781939,161.25202043298998,241.91955050745912,PATROL02
2024-01-01 12:23:42.000,40.7742217617476,-73.96233544870782,140.01817984410343,78.27312055269789,PATROL01
2024-01-01 12:23:42.000,40.77320614675644,-73.97509385324356,190.00778730598725,45.0,EMERG01
2024-01-01 12:23:42.000,40.79374836923146,-73.96591605423379,161.08257951224152,241.2813365564466,PATROL02
2024-01-01 12:23:43.200,40.77008648939992,-73.98346364452165,107.10527663808465,90.0,SEARCH01
2024-01-01 12:23:43.500,40.773029260233436,-73.95552926023343,91.52975966227702,134.99999999997965,DELIV01
2024-01-01 12:23:45.000,40.79369531980626,-73.96601287610463,160.92513517556432,240.6392938413399,PATROL02
2024-01-01 12:23:45.000,40.77347467295539,-73.97482532704461,190.0028036630652,45.0,EMERG01
2024-01-01 12:23:45.600,40.77425166696366,-73.96219138227447,139.58494276586148,77.70925037097282,PATROL01
2024-01-01 12:23:48.000,40.77302174204989,-73.95552174204988,91.88208297578979,134.99999999997965,DELIV01
2024-01-01 12:23:48.000,40.793641351561334,-73.96610880808132,160.77978726713232,239.99334504882506,PATROL02
2024-01-01 12:23:48.000,40.77375356709976,-73.97454643290024,190.03767177728994,45.0,EMERG01
2024-01-01 12:23:49.200,40.7742829433308,-73.96204782455185,139.15831045224888,77.14371349698456,PATROL01
2024-01-01 12:23:51.000,40.79358647305307,-73.96620383495427,160.6466279601043,239.3434134511076,PATROL02
2024-01-01 12:23:51.000,40.77404290490458,-73.97425709509542,190.11225265412997,45.0,EMERG01
2024-01-01 12:23:52.500,40.77301465862443,-73.95551465862444,92.26676668784661,134.99999999997965,DELIV01
2024-01-01 12:23:52.800,40.77431558589033,-73.96190479830031,138.7385534544447,76.57643308839681,PATROL01
2024-01-01 12:23:54.000,40.77434272849396,-73.97395727150604,190.22624899233293,45.0,EMERG01
2024-01-01 12:23:54.000,40.793530692982195,-73.96629794165746,160.5257416981719,238.68942289943186,PATROL02
2024-01-01 12:23:54.000,40.77008648939992,-73.98297955565207,107.50827640254357,90.0,SEARCH01
2024-01-01 12:23:56.400,40.77434958946691,-73.961762326196,138.32593796360948,76.00733208872168,PATROL01
2024-01-01 12:23:57.000,40.7746530436233,-73.9736469563767,190.37920636905537,45.0,EMERG01
2024-01-01 12:23:57.000,40.79347402019237,-73.96639111327072,160.4172051420091,238.0312979379772,PATROL02
2024-01-01 12:23:57.000,40.773007985101316,-73.9555079851013,92.68227733632922,134.99999999997965,DELIV01
2024-01-01 12:24:00.000,40.793416463668784,-73.96648333502213,160.32108712065744,237.36896389630158,PATROL02
2024-01-01 12:24:00.000,40.774384948669436,-73.96162043082714,137.92072564207862,75.43633321516381,PATROL01
2024-01-01 12:24:00.000,40.774973817009794,-73.9733261829902,190.57051505132563,45.0,EMERG01
2024-01-01 12:24:01.500,40.77300169801353,-73.95550169801352,93.12695857390815,134.99999999997965,DELIV01
2024-01-01 12:24:03.000,40.77530497381896,-73.97299502618104,190.79941242661826,45.0,EMERG01
2024-01-01 12:24:03.000,40.79335803253675,-73.96657459229041,160.2374485878777,236.70234692994995,PATROL02
2024-01-01 12:24:03.600,40.774421657891885,-73.96147913469056,137.52317345742782,74.86335897175536,PATROL01
2024-01-01 12:24:04.800,40.77008648939992,-73.98249546678247,107.94308525522658,90.0,SEARCH01
2024-01-01 12:24:06.000,40.77564639535739,-73.97265360464262,191.06498604285125,45.0,EMERG01
2024-01-01 12:24:06.000,40.79329873606023,-73.96666487060716,160.16634258349592,236.03137416767234,PATROL02
2024-01-01 12:24:06.000,40.77299577520894,-73.95549577520893,93.59903777072893,134.99999999997965,DELIV01
2024-01-01 12:24:07.200,40.774459711314194,-73.9613384601881,137.13353351951585,74.28833165975624,PATROL01
2024-01-01 12:24:09.000,40.7932385836404,-73.96675415565917,160.1078141997676,235.3559737683679,PATROL02
2024-01-01 12:24:09.000,40.77599791702347,-73.97230208297654,191.36617724568777,45.0,EMERG01
2024-01-01 12:24:10.500,40.772990195779826,-73.95549019577983,94.09663308063472,134.99999999997965,DELIV01
2024-01-01 12:24:10.800,40.77449910290317,-73.961198429623,136.75205292060744,73.71117335852216,PATROL01
2024-01-01 12:24:12.000,40.79317758481414,-73.96684243329075,160.0619005527825,234.6760750290236,PATROL02
2024-01-01 12:24:12.000,40.7763593265686,-73.9719406734314,191.70178539864276,45.0,EMERG01
2024-01-01 12:24:14.400,40.77453982641347,-73.96105906519641,136.37897357867868,73.13180594363052,PATROL01
2024-01-01 12:24:15.000,40.79311574925249,-73.96692968950589,160.02863075892708,233.99160852953372,PATROL02
2024-01-01 12:24:15.000,40.77673036272068,-73.97156963727933,192.0704726691722,45.0,EMERG01
2024-01-01 12:24:15.000,40.77298493999589,-73.95548493999588,94.61776094275712,134.99999999997965,DELIV01
2024-01-01 12:24:15.600,40.77008648939992,-73.98201137791288,108.4085959931886,90.0,SEARCH01
2024-01-01 12:24:18.000,40.77458187538859,-73.9609203890039,136.01453208400326,72.5501511019146,PATROL01
2024-01-01 12:24:18.000,40.79305308675921,-73.96701591047056,160.00802591642025,233.30250617426583,PATROL02
2024-01-01 12:24:18.000,40.77711071421953,-73.97118928578047,192.4707693616662,45.0,EMERG01
2024-01-01 12:24:19.500,40.772979989240476,-73.95547998924047,95.16034398857161,134.99999999997965,DELIV01
2024-01-01 12:24:21.000,40.792989607269114,-73.96710108251486,160.0000990919339,232.6087013620674,PATROL02
2024-01-01 12:24:21.000,40.77750001931084,-73.97079998068915,192.90107977608668,45.0,EMERG01
2024-01-01 12:24:21.600,40.77462524316186,-73.9607824230319,135.6589595491175,71.96613031616857,PATROL01
2024-01-01 12:24:24.000,40.79292532084657,-73.96718519213515,160.00485531230638,231.91012909874522,PATROL02
2024-01-01 12:24:24.000,40.772975325950036,-73.95547532595003,95.7222193228979,134.99999999997965,DELIV01
2024-01-01 12:24:24.000,40.77789786573974,-73.97040213426025,193.35968856889568,45.0,EMERG01
2024-01-01 12:24:25.200,40.77466992285753,-73.96064518915425,135.31248146225911,71.37966490533438,PATROL01
2024-01-01 12:24:26.400,40.77008648939992,-73.9815272890433,108.90362323380268,90.0,SEARCH01
2024-01-01 12:24:27.000,40.792860237683875,-73.96726822599626,160.022291561355,231.20672611561656,PATROL02
2024-01-01 12:24:27.000,40.77830379127902,-73.96999620872097,193.8447675909182,45.0,EMERG01
2024-01-01 12:24:28.500,40.77297093355654,-73.95547093355654,96.30114714583453,134.99999999997965,DELIV01
2024-01-01 12:24:28.800,40.774715907391844,-73.96050870912869,134.9753175443727,70.79067599984535,PATROL01
2024-01-01 12:24:30.000,40.79279436809965,-73.96735017093359,160.0523967817885,230.49843101597142,PATROL02
2024-01-01 12:24:30.000,40.778717284818875,-73.96958271518113,194.3543831748808,45.0,EMERG01
2024-01-01 12:24:32.400,40.77476318947419,-73.96037300459349,134.64768160977232,70.19908459732142,PATROL01
2024-01-01 12:24:33.000,40.779137788035555,-73.96916221196444,194.88650384357675,45.0,EMERG01
2024-01-01 12:24:33.000,40.792727722537194,-73.96743101395516,160.09515188221923,229.78518437721903,PATROL02
2024-01-01 12:24:33.000,40.77296679643287,-73.95546679643286,96.89481968125831,134.99999999997965,DELIV01
2024-01-01 12:24:36.000,40.79266031156284,-73.9675107422437,160.15052974927002,229.0669289589922,PATROL02
2024-01-01 12:24:36.000,40.774811761608234,-73.96023809706392,134.32978143055024,69.60481154678814,PATROL01
2024-01-01 12:24:36.000,40.7795646976461,-73.9687353023539,195.43900840792983,45.0,EMERG01
2024-01-01 12:24:37.200,40.77008648939992,-73.9810432001737,109.4269064332338,90.0,SEARCH01
2024-01-01 12:24:37.500,40.77296289984093,-73.95546289984092,97.50087037629692,134.99999999997965,DELIV01
2024-01-01 12:24:39.000,40.779997368244494,-73.9683026317555,196.00969442267657,45.0,EMERG01
2024-01-01 12:24:39.000,40.792592145864276,-73.9675893431587,160.21849526476828,228.34360975947797,PATROL02
2024-01-01 12:24:39.600,40.77486161609308,-73.96010400792895,134.02181860481699,69.00777757874243,PATROL01
2024-01-01 12:24:42.000,40.78043511570276,-73.96786488429724,196.59628696595888,45.0,EMERG01
2024-01-01 12:24:42.000,40.792523236248826,-73.96766680423835,160.29900532801636,227.6151742802719,PATROL02
2024-01-01 12:24:42.000,40.77295922988254,-73.95545922988254,98.11688333510281,134.99999999997965,DELIV01
2024-01-01 12:24:43.200,40.77491274502455,-73.95997075844771,133.7239884288568,68.40790332918613,PATROL01
2024-01-01 12:24:45.000,40.79245359364179,-73.96774311320156,160.39200888312413,226.88157258404667,PATROL02
2024-01-01 12:24:45.000,40.78087722110789,-73.9674227788921,197.19644770782986,45.0,EMERG01
2024-01-01 12:24:46.500,40.77295577345277,-73.95545577345277,98.74040294932283,134.99999999997965,DELIV01
2024-01-01 12:24:46.800,40.7749651402964,-73.95983836974628,133.43647977327967,67.80510934825412,PATROL01
2024-01-01 12:24:48.000,40.78132293519351,-73.9669770648065,197.80778423152307,45.0,EMERG01
2024-01-01 12:24:48.000,40.77008648939992,-73.98055911130412,109.97711309630405,90.0,SEARCH01
2024-01-01 12:24:48.000,40.79238322908465,-73.96781825794994,160.49744695138628,226.1427575145248,PATROL02
2024-01-01 12:24:50.400,40.77501879360162,-73.95970686281426,133.15947496324765,67.19931615055134,PATROL01
2024-01-01 12:24:51.000,40.78177148321297,-73.96652851678702,198.42785957032748,45.0,EMERG01
2024-01-01 12:24:51.000,40.772952518195815,-73.95545251819581,99.36894368687327,134.99999999997965,DELIV01
2024-01-01 12:24:51.000,40.79231215373337,-73.96789222656965,160.61525266868404,225.39868484781027,PATROL02
2024-01-01 12:24:54.000,40.792240378856604,-73.9679650073333,160.74535132788742,224.64931346642828,PATROL02
2024-01-01 12:24:54.000,40.78222207019038,-73.96607792980961,199.05420192205153,45.0,EMERG01
2024-01-01 12:24:54.000,40.77507369643373,-73.9595762585014,132.89314966285266,66.59044421123417,PATROL01
2024-01-01 12:24:55.500,40.77294945246313,-73.95544945246313,100.0,134.99999999997965,DELIV01
2024-01-01 12:24:57.000,40.7921679158339,-73.9680365887019,160.88766042623112,223.89460551926095,PATROL02
2024-01-01 12:24:57.000,40.782673886475855,-73.96562611352415,199.6843145023519,45.0,EMERG01
2024-01-01 12:24:57.600,40.77512984008817,-73.9594465775144,132.63767276371817,65.97841403688301,PATROL01
2024-01-01 12:24:58.800,40.77008648939992,-73.98007502243453,110.55284216957592,90.0,SEARCH01
2024-01-01 12:25:00.000,40.79209477615393,-73.96810695932655,161.0420897176341,223.13452662508044,PATROL02
2024-01-01 12:25:00.000,40.78312611352414,-73.96517388647585,200.3156854976481,45.0,EMERG01
2024-01-01 12:25:01.200,40.775187215663614,-73.95931784041355,132.39320627789544,65.36314615154367,PATROL01
2024-01-01 12:25:03.000,40.792020971412626,-73.96817610805032,161.20854126992964,222.36904604485503,PATROL02
2024-01-01 12:25:03.000,40.78357792980962,-73.96472207019039,200.94579807794844,45.0,EMERG01
2024-01-01 12:25:04.800,40.77524581406346,-73.95919006760948,132.1599052351229,64.74456117851787,PATROL01
2024-01-01 12:25:06.000,40.784028516787025,-73.96427148321298,201.57214042967252,45.0,EMERG01
2024-01-01 12:25:06.000,40.79194651331137,-73.96824402391002,161.38690952696948,221.59813686033667,PATROL02
2024-01-01 12:25:08.400,40.77530562599722,-73.95906327935995,131.93791758451314,64.12257985713364,PATROL01
2024-01-01 12:25:09.000,40.78447706480649,-73.9638229351935,202.1922157684769,45.0,EMERG01
2024-01-01 12:25:09.000,40.791871413655144,-73.96831069613793,161.57708137556295,220.82177614790115,PATROL02
2024-01-01 12:25:09.600,40.77008648939992,-73.97959093356495,111.15262760901297,90.0,SEARCH01
2024-01-01 12:25:12.000,40.7849227788921,-73.9633772211079,202.80355229217014,45.0,EMERG01
2024-01-01 12:25:12.000,40.77536664198199,-73.95893749576662,131.72738410073015,63.49712308045099,PATROL01
2024-01-01 12:25:12.000,40.79179568435061,-73.96837611416349,161.77893621720818,220.03994522693876,PATROL02
2024-01-01 12:25:15.000,40.7917193374043,-73.968440267615,161.99234604457038,219.25262975380292,PATROL02
2024-01-01 12:25:15.000,40.78536488429724,-73.96293511570276,203.40371303404112,45.0,EMERG01
2024-01-01 12:25:15.600,40.77542885234399,-73.95881273677186,131.5284382947164,62.868111963727074,PATROL01
2024-01-01 12:25:18.000,40.79164238492064,-73.96850314632121,162.21717552265838,218.45982001866903,PATROL02
2024-01-01 12:25:18.000,40.7858026317555,-73.9624973682445,203.9903055773234,45.0,EMERG01
2024-01-01 12:25:19.200,40.77549224722007,-73.95868902215562,131.3412063290261,62.2354678848169,PATROL01
2024-01-01 12:25:20.400,40.77008648939992,-73.97910684469535,111.77494211313353,90.0,SEARCH01
2024-01-01 12:25:21.000,40.791564839100076,-73.96856474031306,162.45328207464786,217.6615110287717,PATROL02
2024-01-01 12:25:21.000,40.786235302353894,-73.9620646976461,204.56099159207017,45.0,EMERG01
2024-01-01 12:25:22.800,40.77555681655928,-73.95856637153223,131.1658069378185,61.59911251945425,PATROL01
2024-01-01 12:25:24.000,40.78666221196444,-73.96163778803556,205.11349615642325,45.0,EMERG01
2024-01-01 12:25:24.000,40.791486712237116,-73.96862503982507,162.70051597229755,216.8577027967687,PATROL02
2024-01-01 12:25:26.400,40.77562255012447,-73.95844480434737,131.00235135156208,60.958967945655274,PATROL01
2024-01-01 12:25:27.000,40.78708271518112,-73.96121728481887,205.64561682511916,45.0,EMERG01
2024-01-01 12:25:27.000,40.7914080167184,-73.96868403529707,162.95872043089986,216.04840045690995,PATROL02
2024-01-01 12:25:30.000,40.787496208720974,-73.96080379127903,206.1552324090818,45.0,EMERG01
2024-01-01 12:25:30.000,40.77568943749389,-73.95832433987489,130.850943226497,60.31495664358647,PATROL01
2024-01-01 12:25:30.000,40.791328765020715,-73.96874171737562,163.22773170870698,215.2336144797619,PATROL02
2024-01-01 12:25:31.200,40.77008648939992,-73.97862275582577,112.41820101215129,90.0,SEARCH01
2024-01-01 12:25:33.000,40.78790213426026,-73.96039786573975,206.64031143110432,45.0,EMERG01
2024-01-01 12:25:33.000,40.79124896970903,-73.9687980769155,163.50737921076848,214.4133608441251,PATROL02
2024-01-01 12:25:33.600,40.77575746806289,-73.95820499721388,130.71167857890111,59.66700163232997,PATROL01
2024-01-01 12:25:36.000,40.78829998068915,-73.96000001931085,207.09892022391332,45.0,EMERG01
2024-01-01 12:25:36.000,40.79116864343451,-73.96885310498118,163.79748559711504,213.5876612359172,PATROL02
2024-01-01 12:25:37.200,40.77582663104555,-73.95808679528552,130.5846457242007,59.015026476262335,PATROL01
2024-01-01 12:25:39.000,40.788689285780464,-73.95961071421954,207.52923063833376,45.0,EMERG01
2024-01-01 12:25:39.000,40.791087798932494,-73.96890679284823,164.0978668952196,212.7565431665419,PATROL02
2024-01-01 12:25:40.800,40.7758969154764,-73.95796975283015,130.4699252209645,58.35895539122379,PATROL01
2024-01-01 12:25:42.000,40.79100644902047,-73.9689591320047,164.40833261666435,211.92004020824126,PATROL02
2024-01-01 12:25:42.000,40.78906963727932,-73.95923036272067,207.9295273308278,45.0,EMERG01
2024-01-01 12:25:42.000,40.77008648939992,-73.97813866695618,113.08076630319891,90.0,SEARCH01
2024-01-01 12:25:44.400,40.77596831021221,-73.9578538884043,130.3675898198175,57.698713337870004,PATROL01
2024-01-01 12:25:45.000,40.79092460659609,-73.96901011415247,164.72868587794028,211.07819208160134,PATROL02
2024-01-01 12:25:45.000,40.78944067343139,-73.9588593265686,208.29821460135727,45.0,EMERG01
2024-01-01 12:25:48.000,40.79084228463506,-73.96905973120856,165.05872352530162,210.2310448729692,PATROL02
2024-01-01 12:25:48.000,40.776040803933675,-73.95773922037769,130.2777044173054,57.03422607240958,PATROL01
2024-01-01 12:25:48.000,40.78980208297653,-73.95849791702346,208.63382275431223,45.0,EMERG01
2024-01-01 12:25:51.000,40.79075949618913,-73.96910797530646,165.39823626359708,209.37865107491726,PATROL02
2024-01-01 12:25:51.000,40.790153604642605,-73.95814639535739,208.93501395714873,45.0,EMERG01
2024-01-01 12:25:51.600,40.77611438514728,-73.95762576693038,130.20032601474017,56.36542025916265,PATROL01
2024-01-01 12:25:52.800,40.77008648939992,-73.97765457808659,113.76095082136017,90.0,SEARCH01
2024-01-01 12:25:54.000,40.790676254384,-73.96915483879725,165.74700878899543,208.52106985037082,PATROL02
2024-01-01 12:25:54.000,40.790495026181034,-73.95780497381897,209.20058757338174,45.0,EMERG01
2024-01-01 12:25:55.200,40.77618904218707,-73.95751354604987,130.1355036820525,55.69222355330851,PATROL01
2024-01-01 12:25:57.000,40.79059257241726,-73.969200314251,166.10481992552158,207.65836701041957,PATROL02
2024-01-01 12:25:57.000,40.7908261829902,-73.9574738170098,209.42948494867437,45.0,EMERG01
2024-01-01 12:25:58.800,40.776264763216545,-73.95740257552822,130.08327852667378,55.0145647049971,PATROL01
2024-01-01 12:26:00.000,40.79050846355628,-73.96924439445777,166.4714427653165,206.79061519544706,PATROL02
2024-01-01 12:26:00.000,40.79114695637669,-73.95715304362331,209.62079363094463,45.0,EMERG01
2024-01-01 12:26:02.400,40.776341536230504,-73.95729287295929,130.04368366746743,54.3323736683962,PATROL01
2024-01-01 12:26:03.000,40.7904239411361,-73.96928707242888,166.84664481253208,205.9178939350872,PATROL02
2024-01-01 12:26:03.000,40.79145727150603,-73.95684272849397,209.77375100766707,45.0,EMERG01
2024-01-01 12:26:03.600,40.77008648939992,-73.977170489217,114.45702253588864,90.0,SEARCH01
2024-01-01 12:26:06.000,40.79175709509541,-73.95654290490458,209.88774734587003,45.0,EMERG01
2024-01-01 12:26:06.000,40.77641934905695,-73.95718445573587,130.01674421372672,53.64558169617084,PATROL01
2024-01-01 12:26:06.000,40.79033901855734,-73.96932834139793,167.23018813076968,205.04028974786556,PATROL02
2024-01-01 12:26:09.000,40.79025370928407,-73.96936819482193,167.62182949396868,204.157896128482,PATROL02
2024-01-01 12:26:09.000,40.792046432900236,-73.95625356709976,209.96232822271006,45.0,EMERG01
2024-01-01 12:26:09.600,40.77649818935905,-73.95707734104698,130.00247724925126,52.95412146760793,PATROL01
2024-01-01 12:26:12.000,40.790168026841656,-73.9694066263823,168.0213205406496,203.2708136788684,PATROL02
2024-01-01 12:26:12.000,40.79232532704461,-73.95597467295539,209.9971963369348,45.0,EMERG01
2024-01-01 12:26:13.200,40.77657804463705,-73.95697154587515,130.0008918215134,52.25792719546621,PATROL01
2024-01-01 12:26:14.400,40.77008648939992,-73.97668640034742,115.1672089606734,90.0,SEARCH01
2024-01-01 12:26:15.000,40.79008198481463,-73.96944362998592,168.42840793141403,202.37915003631934,PATROL02
2024-01-01 12:26:15.000,40.79259385324355,-73.95570614675644,209.99221269401275,45.0,EMERG01
2024-01-01 12:26:16.800,40.77665890223029,-73.95686708699367,130.01198893592067,51.556934764729476,PATROL01
2024-01-01 12:26:18.000,40.789995596844534,-73.96947919976606,168.84283350960092,201.48301990170242,PATROL02
2024-01-01 12:26:18.000,40.79285211796115,-73.95544788203885,209.94739716020658,45.0,EMERG01
2024-01-01 12:26:20.400,40.77674074931919,-73.956763980964,130.03576155517823,50.851081860723866,PATROL01
2024-01-01 12:26:21.000,40.78990887662776,-73.96951333008327,169.26433446499826,200.58254505723067,PATROL02
2024-01-01 12:26:21.000,40.793100255545404,-73.95519974445459,209.86292838338002,45.0,EMERG01
2024-01-01 12:26:24.000,40.78982183791339,-73.96954601552639,169.69264350050537,199.6778542423274,PATROL02
2024-01-01 12:26:24.000,40.776823572927285,-73.95666224413308,130.07219460375157,50.140308080621764,PATROL01
2024-01-01 12:26:24.000,40.793338425376255,-73.95496157462375,209.73914308085537,45.0,EMERG01
2024-01-01 12:26:25.200,40.77008648939992,-73.97620231147783,115.8897016677209,90.0,SEARCH01
2024-01-01 12:26:27.000,40.78973449450096,-73.96957725091328,170.12748900164104,198.769083158777,PATROL02
2024-01-01 12:26:27.000,40.79356680905871,-73.95473319094128,209.5765346971593,45.0,EMERG01
2024-01-01 12:26:27.600,40.77690735992331,-73.95656189263082,130.12126497742673,49.42455511026327,PATROL01
2024-01-01 12:26:30.000,40.79378560768901,-73.95451439231098,209.37575143700826,45.0,EMERG01
2024-01-01 12:26:30.000,40.78964686023838,-73.96960703129172,170.56859520878908,197.85637432352976,PATROL02
2024-01-01 12:26:31.200,40.77699209702323,-73.95646294236744,130.182941557962,48.703766850613874,PATROL01
2024-01-01 12:26:33.000,40.793995039216874,-73.95430496078312,209.13759368137437,45.0,EMERG01
2024-01-01 12:26:33.000,40.7895589490196,-73.96963535194018,171.01568239207285,196.93987698321806,PATROL02
2024-01-01 12:26:34.800,40.7770777707924,-73.95636540903102,130.25718523282174,47.977889558978234,PATROL01
2024-01-01 12:26:36.000,40.77008648939992,-73.97571822260824,116.62266089215959,90.0,SEARCH01
2024-01-01 12:26:36.000,40.79419533592303,-73.95410466407697,208.8630107969321,45.0,EMERG01
2024-01-01 12:26:36.000,40.789470774782544,-73.96966220836858,171.46846702874763,196.0197469599746,PATROL02
2024-01-01 12:26:38.400,40.777164367647664,-73.95626930808501,130.3439489199797,47.246872030961185,PATROL01
2024-01-01 12:26:39.000,40.78938235150679,-73.96968759631893,171.9266619829978,195.09614649954716,PATROL02
2024-01-01 12:26:39.000,40.79438674202695,-73.95391325797304,208.55309735160412,45.0,EMERG01
2024-01-01 12:26:42.000,40.78929369321142,-73.96971151176612,172.38997668802583,194.16924408066356,PATROL02
2024-01-01 12:26:42.000,40.79456951143609,-73.9537304885639,208.20908875129263,45.0,EMERG01
2024-01-01 12:26:42.000,40.777251873859505,-73.95617465476573,130.4431775977765,46.51066572474315,PATROL01
2024-01-01 12:26:45.000,40.79474390564442,-73.95355609435558,207.83235631518892,45.0,EMERG01
2024-01-01 12:26:45.000,40.78920481395278,-73.96973395091847,172.85811733031656,193.2392141804738,PATROL02
2024-01-01 12:26:45.600,40.777340275554245,-73.95608146408003,130.55480833981173,45.769224976688974,PATROL01
2024-01-01 12:26:46.800,40.77008648939992,-73.97523413373865,117.36422021704124,90.0,SEARCH01
2024-01-01 12:26:48.000,40.794910191785085,-73.95338980821491,207.42440180929282,45.0,EMERG01
2024-01-01 12:26:48.000,40.78911572782224,-73.96975491021834,173.33078703596078,192.3062370823844,PATROL02
2024-01-01 12:26:49.200,40.777429558716214,-73.95598975080281,130.6787703548492,45.02250711449,PATROL01
2024-01-01 12:26:51.000,40.79506864083918,-73.95323135916081,206.98685145993306,45.0,EMERG01
2024-01-01 12:26:51.000,40.78902644894398,-73.96977438634276,173.8076860589194,191.3704985546324,PATROL02
2024-01-01 12:26:52.800,40.77751970919001,-73.95589952947478,130.81498503170963,44.27047265970293,PATROL01
2024-01-01 12:26:54.000,40.78893699147272,-73.96979237620387,174.28851197110887,190.43218964170853,PATROL02
2024-01-01 12:26:54.000,40.79521952600032,-73.95308047399968,206.52144947115187,45.0,EMERG01
2024-01-01 12:26:56.400,40.77761071268272,-73.95581081440008,130.96336598912208,43.513085518896105,PATROL01
2024-01-01 12:26:57.000,40.788847369591515,-73.96980887694947,174.77295985418786,189.49150628810548,PATROL02
2024-01-01 12:26:57.000,40.795363121192715,-73.9529368788073,206.03005107179615,45.0,EMERG01
2024-01-01 12:26:57.600,40.77008648939992,-73.97475004486907,118.11249132600945,90.0,SEARCH01
2024-01-01 12:27:00.000,40.795499699738805,-73.95280030026119,205.51461512003107,45.0,EMERG01
2024-01-01 12:27:00.000,40.77770255476617,-73.95572361964408,131.12381913050342,42.75031312955707,PATROL01
2024-01-01 12:27:00.000,40.78875759750947,-73.96982388596346,175.26072249292253,188.54864902562073,PATROL02
2024-01-01 12:27:03.000,40.78866768945952,-73.96983740086621,175.751490570009,187.6038226941968,PATROL02
2024-01-01 12:27:03.000,40.79562953317104,-73.95267046682896,204.97719629475682,45.0,EMERG01
2024-01-01 12:27:03.600,40.77779522087926,-73.95563795903105,131.29624270363004,41.982126674450114,PATROL01
2024-01-01 12:27:06.000,40.788577659696145,-73.96984941951501,176.2449528622284,186.65723596045012,PATROL02
2024-01-01 12:27:06.000,40.79575289018146,-73.95254710981854,204.4199369050558,45.0,EMERG01
2024-01-01 12:27:07.200,40.777888696330216,-73.95555384614208,131.48052736516453,41.20850123336669,PATROL01
2024-01-01 12:27:08.400,40.77008648939992,-73.97426595599947,118.86556881173314,90.0,SEARCH01
2024-01-01 12:27:09.000,40.795870035701896,-73.9524299642981,203.8450583503201,45.0,EMERG01
2024-01-01 12:27:09.000,40.78848752249312,-73.96985994000435,176.74079643781087,185.70910105340576,PATROL02
2024-01-01 12:27:10.800,40.77798296629897,-73.95547129431286,131.67655624999645,40.42941601303352,PATROL01
2024-01-01 12:27:12.000,40.78839729214127,-73.96986896066629,177.2387068548829,184.75963324415048,PATROL02
2024-01-01 12:27:12.000,40.795981230106975,-73.95231876989303,203.2548522651021,45.0,EMERG01
2024-01-01 12:27:14.400,40.77807801583947,-73.95539031663158,131.88420504535287,39.64485450599841,PATROL01
2024-01-01 12:27:15.000,40.79608672853189,-73.95221327146811,202.65167138398678,45.0,EMERG01
2024-01-01 12:27:15.000,40.788306982946175,-73.96987648007062,177.73836836087224,183.80905051674407,PATROL02
2024-01-01 12:27:18.000,40.796186780296516,-73.95211321970349,202.03792016290151,45.0,EMERG01
2024-01-01 12:27:18.000,40.77817382988208,-73.95531092593684,132.103342069632,38.85480467595778,PATROL01
2024-01-01 12:27:18.000,40.788216609225906,-73.96988249702518,178.23946409274427,182.85757312210535,PATROL02
2024-01-01 12:27:19.200,40.77008648939992,-73.97378186712989,119.62153502786062,90.0,SEARCH01
2024-01-01 12:27:21.000,40.78812618530879,-73.969887010576,178.74167627794225,181.90542314105,PATROL02
2024-01-01 12:27:21.000,40.79628162842762,-73.95201837157238,201.41604519424953,45.0,EMERG01
2024-01-01 12:27:21.600,40.77827039323594,-73.95523313481569,132.33382835590987,38.05925919053374,PATROL01
2024-01-01 12:27:24.000,40.796371509270884,-73.95192849072912,200.78852545407477,45.0,EMERG01
2024-01-01 12:27:24.000,40.7880357255311,-73.96989002000751,179.24468643590458,180.95282397380439,PATROL02
2024-01-01 12:27:25.200,40.778367690591416,-73.95515695560148,132.57551774006694,37.2582155476037,PATROL01
2024-01-01 12:27:27.000,40.787945244234784,-73.96989152484255,179.74817558003085,180.0,PATROL02
2024-01-01 12:27:27.000,40.7964566521846,-73.9518433478154,200.15786242013638,45.0,EMERG01
2024-01-01 12:27:28.800,40.778465706522475,-73.95508240037209,132.82825695347867,36.45167632005655,PATROL01
2024-01-01 12:27:30.000,40.78785475576522,-73.96989152484255,180.25182441996913,179.04717602619564,PATROL02
2024-01-01 12:27:30.000,40.77008648939992,-73.9732977782603,120.37846497213935,90.0,SEARCH01
2024-01-01 12:27:30.000,40.79653727930737,-73.95176272069263,199.52657010028443,45.0,EMERG01
2024-01-01 12:27:32.400,40.77856442548917,-73.95500948094788,133.09188572021202,35.63964930675132,PATROL01
2024-01-01 12:27:33.000,40.7877642744689,-73.96989002000751,180.75531356409542,178.09457685894995,PATROL02
2024-01-01 12:27:33.000,40.79661360539222,-73.95168639460779,198.89716501088725,45.0,EMERG01
2024-01-01 12:27:36.000,40.796685837700046,-73.95161416229995,198.272156145259,45.0,EMERG01
2024-01-01 12:27:36.000,40.78767381469121,-73.969887010576,181.25832372205772,177.14242687789465,PATROL02
2024-01-01 12:27:36.000,40.77866383184009,-73.95493820888987,133.36623685866482,34.82214773762246,PATROL01
2024-01-01 12:27:39.000,40.787583390774095,-73.96988249702518,181.7605359072557,176.19094948325596,PATROL02
2024-01-01 12:27:39.000,40.796754175945914,-73.9515458240541,197.65403497207632,45.0,EMERG01
2024-01-01 12:27:39.600,40.77876390981485,-73.95486859549789,133.65113638758532,33.9991904210479,PATROL01
2024-01-01 12:27:40.800,40.77008648939992,-73.97281368939072,121.13443118826684,90.0,SEARCH01
2024-01-01 12:27:42.000,40.79681881229158,-73.95148118770841,197.0452655036533,45.0,EMERG01
2024-01-01 12:27:42.000,40.787493017053826,-73.96987648007062,182.26163163912773,175.24036675584955,PATROL02
2024-01-01 12:27:43.200,40.77886464354656,-73.95480065180881,133.94640363640312,33.17080196440941,PATROL01
2024-01-01 12:27:45.000,40.796879931378854,-73.95142006862115,196.44827447366572,45.0,EMERG01
2024-01-01 12:27:45.000,40.78740270785873,-73.96986896066629,182.7612931451171,174.2908989465942,PATROL02
2024-01-01 12:27:46.800,40.77896601706439,-73.95473438859477,134.25185135980234,32.337012900552224,PATROL01
2024-01-01 12:27:48.000,40.78731247750688,-73.96985994000435,183.2592035621891,173.34276403954982,PATROL02
2024-01-01 12:27:48.000,40.79693771039803,-73.95136228960197,195.86544166347866,45.0,EMERG01
2024-01-01 12:27:50.400,40.77906801429606,-73.95466981636147,134.56728585646437,31.497859849432302,PATROL01
2024-01-01 12:27:51.000,40.79699231918685,-73.95130768081316,195.29909041563997,45.0,EMERG01
2024-01-01 12:27:51.000,40.787222340303856,-73.96984941951501,183.75504713777158,172.39617730580323,PATROL02
2024-01-01 12:27:51.600,40.77008648939992,-73.97232960052112,121.88750867399054,90.0,SEARCH01
2024-01-01 12:27:54.000,40.797043920355094,-73.9512560796449,194.7514783723553,45.0,EMERG01
2024-01-01 12:27:54.000,40.78713231054048,-73.96983740086621,184.248509429991,171.45135097437924,PATROL02
2024-01-01 12:27:54.000,40.7791706190704,-73.95460694534655,134.89250709190458,30.65338571842426,PATROL01
2024-01-01 12:27:57.000,40.78704240249053,-73.96982388596346,184.73927750707745,170.50849371189452,PATROL02
2024-01-01 12:27:57.000,40.79709266943104,-73.95120733056896,194.22478847586413,45.0,EMERG01
2024-01-01 12:27:57.600,40.77927381511992,-73.9545457855179,135.22730882532522,29.80363978913971,PATROL01
2024-01-01 12:28:00.000,40.786952630408486,-73.96980887694947,185.2270401458121,169.56781035829147,PATROL02
2024-01-01 12:28:00.000,40.79713871502579,-73.9511612849742,193.7211202665914,45.0,EMERG01
2024-01-01 12:28:01.200,40.7793775860834,-73.95448634657207,135.57147874040416,28.948677854359232,PATROL01
2024-01-01 12:28:02.400,40.77008648939992,-73.97184551165154,122.63577978295876,90.0,SEARCH01
2024-01-01 12:28:03.000,40.79718219901241,-73.95111780098759,193.24248151376392,45.0,EMERG01
2024-01-01 12:28:03.000,40.786863008527284,-73.96979237620387,185.7114880288911,168.62950144536762,PATROL02
2024-01-01 12:28:04.800,40.779481915508455,-73.95442863793286,135.92479857993644,28.088562399832483,PATROL01
2024-01-01 12:28:06.000,40.78677355105602,-73.96977438634276,186.1923139410806,167.69376291761557,PATROL02
2024-01-01 12:28:06.000,40.797223256716606,-73.9510767432834,192.79078021185285,45.0,EMERG01
2024-01-01 12:28:08.400,40.77958678685416,-73.95437266874968,136.28704428424317,27.223362633153613,PATROL01
2024-01-01 12:28:09.000,40.79726201711651,-73.95103798288349,192.3678169747483,45.0,EMERG01
2024-01-01 12:28:09.000,40.78668427217776,-73.96975491021834,186.66921296403922,166.76078581952618,PATROL02
2024-01-01 12:28:12.000,40.77969218349367,-73.95431844789617,136.65798613326032,26.353154618450844,PATROL01
2024-01-01 12:28:12.000,40.78659518604722,-73.96973395091847,187.14188266968344,165.8307559193364,PATROL02
2024-01-01 12:28:12.000,40.797298603049015,-73.95100139695099,191.97527785798422,45.0,EMERG01
2024-01-01 12:28:13.200,40.77008648939992,-73.97136142278195,123.37733910784041,90.0,SEARCH01
2024-01-01 12:28:15.000,40.79733313142078,-73.95096686857923,191.61472763762623,45.0,EMERG01
2024-01-01 12:28:15.000,40.78650630678858,-73.96971151176612,187.61002331197417,164.9038535004529,PATROL02
2024-01-01 12:28:15.600,40.77979808871687,-73.95426598396878,137.03738889221688,25.478021360142463,PATROL01
2024-01-01 12:28:18.000,40.79736571342183,-73.95093428657817,191.2876035726154,45.0,EMERG01
2024-01-01 12:28:18.000,40.78641764849321,-73.96968759631893,188.07333801700216,163.98025304002545,PATROL02
2024-01-01 12:28:19.200,40.779904485733,-73.95421528528541,137.4250119608101,24.598052842587776,PATROL01
2024-01-01 12:28:21.000,40.79739645474043,-73.95090354525956,190.99520967543248,45.0,EMERG01
2024-01-01 12:28:21.000,40.78632922521746,-73.96966220836858,188.53153297125235,163.06012301678197,PATROL02
2024-01-01 12:28:22.800,40.78001135767333,-73.9541663598841,137.82060952578385,23.71334608992953,PATROL01
2024-01-01 12:28:24.000,40.77008648939992,-73.97087733391236,124.11029833227909,90.0,SEARCH01
2024-01-01 12:28:24.000,40.79742545577759,-73.95087454422242,190.7387115139216,45.0,EMERG01
2024-01-01 12:28:24.000,40.7862410509804,-73.96963535194018,188.98431760792712,162.14362567647026,PATROL02
2024-01-01 12:28:26.400,40.780118687593834,-73.95411921552173,138.22393071681194,22.824005197070164,PATROL01
2024-01-01 12:28:27.000,40.797452811860204,-73.95084718813979,190.5191315649949,45.0,EMERG01
2024-01-01 12:28:27.000,40.78615313976162,-73.96960703129172,189.43140479121092,161.230916841223,PATROL02
2024-01-01 12:28:30.000,40.78606550549904,-73.96957725091328,189.87251099835896,160.32214575767262,PATROL02
2024-01-01 12:28:30.000,40.797478613451766,-73.95082138654823,190.33734513873978,45.0,EMERG01
2024-01-01 12:28:30.000,40.78022645847788,-73.9540738596728,138.63471976558924,21.930141323152498,PATROL01
2024-01-01 12:28:33.000,40.785978162086614,-73.96954601552639,190.3073564994946,159.41745494276938,PATROL02
2024-01-01 12:28:33.000,40.79750294635973,-73.95079705364027,190.19407688917596,45.0,EMERG01
2024-01-01 12:28:33.600,40.78033465323891,-73.95403029952826,139.0527161680284,21.03187265502919,PATROL01
2024-01-01 12:28:34.800,40.77008648939992,-73.97039324504277,124.83279103932658,90.0,SEARCH01
2024-01-01 12:28:36.000,40.78589112337224,-73.96951333008327,190.73566553500174,158.5169800982976,PATROL02
2024-01-01 12:28:36.000,40.79752589193888,-73.95077410806111,190.08989792557207,45.0,EMERG01
2024-01-01 12:28:37.200,40.780443254723174,-73.95398854199438,139.47765484945995,20.12932445988372,PATROL01
2024-01-01 12:28:39.000,40.79754752729018,-73.95075247270982,190.0252235358366,45.0,EMERG01
2024-01-01 12:28:39.000,40.78580440315547,-73.96947919976606,191.15716649039905,157.6208499636807,PATROL02
2024-01-01 12:28:40.800,40.78055224571244,-73.95394859369158,139.9092663327308,19.222628901677353,PATROL01
2024-01-01 12:28:42.000,40.7975679254544,-73.9507320745456,190.00031153105843,45.0,EMERG01
2024-01-01 12:28:42.000,40.785718015185374,-73.96944362998592,191.57159206858594,156.72918632113158,PATROL02
2024-01-01 12:28:44.400,40.78066160892672,-73.9539104609535,140.3472769090946,18.31192507800114,PATROL01
2024-01-01 12:28:45.000,40.79758715560048,-73.95071284439952,190.01526121779622,45.0,EMERG01
2024-01-01 12:28:45.000,40.785631973158345,-73.9694066263823,191.97867945935036,155.84210387151802,PATROL02
2024-01-01 12:28:45.600,40.77008648939992,-73.96990915617319,125.54297746411135,90.0,SEARCH01
2024-01-01 12:28:48.000,40.79760528320799,-73.95069471679201,190.0700130022133,45.0,EMERG01
2024-01-01 12:28:48.000,40.780771327027004,-73.95387414982586,140.7914088117857,17.397358822881472,PATROL01
2024-01-01 12:28:48.000,40.78554629071593,-73.96936819482193,192.37817050603132,154.9597102521344,PATROL02
2024-01-01 12:28:51.000,40.79762237024376,-73.95067762975624,190.1643486276363,45.0,EMERG01
2024-01-01 12:28:51.000,40.78546098144266,-73.96932834139793,192.7698118692303,154.08210606491275,PATROL02
2024-01-01 12:28:51.600,40.78088138261802,-73.95383966606566,141.24138039216643,16.479082651696444,PATROL01
2024-01-01 12:28:54.000,40.79763847533235,-73.95066152466765,190.29789204459013,45.0,EMERG01
2024-01-01 12:28:54.000,40.7853760588639,-73.96928707242888,193.1533551874679,153.20938480455288,PATROL02
2024-01-01 12:28:55.200,40.78099175825099,-73.95380701514011,141.69690629833602,15.557255572425106,PATROL01
2024-01-01 12:28:56.400,40.77008648939992,-73.9694250673036,126.2390491786398,90.0,SEARCH01
2024-01-01 12:28:57.000,40.79765365392037,-73.95064634607964,190.4701109098416,45.0,EMERG01
2024-01-01 12:28:57.000,40.78529153644372,-73.96924439445777,193.5285572346835,152.34163298958038,PATROL02
2024-01-01 12:28:58.800,40.7811024364264,-73.95377620222585,142.15769765608803,14.632042898056966,PATROL01
2024-01-01 12:29:00.000,40.79766795843457,-73.95063204156543,190.68031870847565,45.0,EMERG01
2024-01-01 12:29:00.000,40.78520742758274,-73.969200314251,193.89518007447842,151.47893014962915,PATROL02
2024-01-01 12:29:02.400,40.78121339959676,-73.95374723220813,142.62346225210172,13.70361608411713,PATROL01
2024-01-01 12:29:03.000,40.79768143843371,-73.95061856156629,190.9276774905452,45.0,EMERG01
2024-01-01 12:29:03.000,40.785123745616,-73.96915483879725,194.25299121100454,150.62134892508277,PATROL02
2024-01-01 12:29:06.000,40.797694140754224,-73.95060585924578,191.2112012113854,45.0,EMERG01
2024-01-01 12:29:06.000,40.7813246301694,-73.95372010967999,143.09390471925033,12.772152465039198,PATROL01
2024-01-01 12:29:06.000,40.78504050381087,-73.96910797530646,194.6017637364029,149.76895512703084,PATROL02
2024-01-01 12:29:07.200,40.77008648939992,-73.968940978434,126.91923369680109,90.0,SEARCH01
2024-01-01 12:29:09.000,40.797706109649845,-73.95059389035016,191.529759662277,45.0,EMERG01
2024-01-01 12:29:09.000,40.78495771536494,-73.96905973120856,194.94127647469838,148.92180791839866,PATROL02
2024-01-01 12:29:09.600,40.781436110509254,-73.9536948389416,143.56872672391006,11.837835054770608,PATROL01
2024-01-01 12:29:12.000,40.797717386925164,-73.95058261307483,191.88208297578979,45.0,EMERG01
2024-01-01 12:29:12.000,40.78487539340391,-73.96901011415247,195.27131412205972,148.0799597917587,PATROL02
2024-01-01 12:29:13.200,40.78154782294166,-73.95367142399948,144.04762715514977,10.900852199933922,PATROL01
2024-01-01 12:29:15.000,40.797728012063345,-73.95057198793666,192.2667666878466,45.0,EMERG01
2024-01-01 12:29:15.000,40.78479355097953,-73.9689591320047,195.59166738333562,147.24345683345814,PATROL02
2024-01-01 12:29:16.800,40.78165974975516,-73.95364986856598,144.53030231568215,9.961397359908005,PATROL01
2024-01-01 12:29:18.000,40.77008648939992,-73.96845688956442,127.5817989878487,90.0,SEARCH01
2024-01-01 12:29:18.000,40.78471220106751,-73.96890679284823,195.9021331047804,146.4123387640828,PATROL02
2024-01-01 12:29:18.000,40.79773802234803,-73.95056197765197,192.68227733632924,45.0,EMERG01
2024-01-01 12:29:20.400,40.781771873204285,-73.9536301760586,145.01644611445494,9.01966875707052,PATROL01
2024-01-01 12:29:21.000,40.78463135656549,-73.96885310498118,196.20251440288493,145.58663915587488,PATROL02
2024-01-01 12:29:21.000,40.797747452979706,-73.9505525470203,193.12695857390815,45.0,EMERG01
2024-01-01 12:29:24.000,40.781884175512424,-73.95361234959948,145.50575026076035,8.075869022413315,PATROL01
2024-01-01 12:29:24.000,40.79775633718659,-73.95054366281342,193.59903777072893,45.0,EMERG01
2024-01-01 12:29:24.000,40.78455103029097,-73.9687980769155,196.4926207892315,144.7663855202381,PATROL02
2024-01-01 12:29:27.000,40.784471234979286,-73.96874171737562,196.772268291293,143.95159954309008,PATROL02
2024-01-01 12:29:27.000,40.797764706330256,-73.95053529366974,194.09663308063472,45.0,EMERG01
2024-01-01 12:29:27.600,40.781996638874595,-73.95359639201494,145.99790445973912,7.1302048896523615,PATROL01
2024-01-01 12:29:28.800,40.77008648939992,-73.96797280069484,128.22505788686644,90.0,SEARCH01
2024-01-01 12:29:30.000,40.7843919832816,-73.96868403529707,197.04127956910014,143.1422972032313,PATROL02
2024-01-01 12:29:30.000,40.79777259000617,-73.95052740999384,194.61776094275712,45.0,EMERG01
2024-01-01 12:29:31.200,40.78210924546027,-73.95358230583496,146.4925966091557,6.1828867333316,PATROL01
2024-01-01 12:29:33.000,40.784313287762885,-73.96862503982507,197.29948402770245,142.3384889712283,PATROL02
2024-01-01 12:29:33.000,40.797780016139285,-73.95051998386072,195.1603439885716,45.0,EMERG01
2024-01-01 12:29:34.800,40.78222197741622,-73.95357009329285,146.9895129973197,5.234128302030115,PATROL01
2024-01-01 12:29:36.000,40.784235160899925,-73.96856474031306,197.5467179253521,141.540179981331,PATROL02
2024-01-01 12:29:36.000,40.797787011074945,-73.95051298892506,195.7222193228979,45.0,EMERG01
2024-01-01 12:29:38.400,40.78233481686936,-73.95355975632484,147.48833850202772,4.284146171173859,PATROL01
2024-01-01 12:29:39.000,40.797793599665184,-73.95050640033482,196.30114714583453,45.0,EMERG01
2024-01-01 12:29:39.000,40.78415761507936,-73.96850314632121,197.78282447734162,140.74737024619708,PATROL02
2024-01-01 12:29:39.600,40.77008648939992,-73.96748871182524,128.84737239098703,90.0,SEARCH01
2024-01-01 12:29:42.000,40.7840806625957,-73.968440267615,198.0076539554296,139.96005477306124,PATROL02
2024-01-01 12:29:42.000,40.7977998053507,-73.95050019464931,196.8948196812583,45.0,EMERG01
2024-01-01 12:29:42.000,40.782447745929524,-73.9535512965698,147.9887567903998,3.3331594269635048,PATROL01
2024-01-01 12:29:45.000,40.78400431564939,-73.96837611416349,198.22106378279182,139.17822385209888,PATROL02
2024-01-01 12:29:45.000,40.7978056502386,-73.9504943497614,197.50087037629692,45.0,EMERG01
2024-01-01 12:29:45.600,40.782560746692376,-73.95354471536899,148.4904505194837,2.381389182341991,PATROL01
2024-01-01 12:29:48.000,40.78392858634486,-73.96831069613793,198.42291862443705,138.4018631396633,PATROL02
2024-01-01 12:29:48.000,40.79781115517619,-73.95048884482381,198.1168833351028,45.0,EMERG01
2024-01-01 12:29:49.200,40.78267380124218,-73.95354001376583,148.9931015374994,1.4290581477275168,PATROL01
2024-01-01 12:29:50.400,40.77008648939992,-73.96700462295566,129.44715783042406,90.0,SEARCH01
2024-01-01 12:29:51.000,40.78385348668863,-73.96824402391002,198.61309047303052,137.63095395514495,PATROL02
2024-01-01 12:29:51.000,40.79781633982084,-73.95048366017916,198.74040294932283,45.0,EMERG01
2024-01-01 12:29:52.800,40.7827868916547,-73.95353719250573,149.4963910855972,0.476390177456949,PATROL01
2024-01-01 12:29:54.000,40.783779028587375,-73.96817610805032,198.79145873007036,136.8654733749196,PATROL02
2024-01-01 12:29:54.000,40.797821222706276,-73.95047877729372,199.36894368687328,45.0,EMERG01
2024-01-01 12:29:56.400,40.7829,-73.953536252036,150.0,0.0,PATROL01
2024-01-01 12:29:57.000,40.7978258213053,-73.9504741786947,200.0,45.0,EMERG01
2024-01-01 12:29:57.000,40.78370522384607,-73.96810695932655,198.95791028236587,136.10539448073905,PATROL02
2024-01-01 12:30:00.000,40.7836320841661,-73.9680365887019,199.11233957376888,135.35068653357172,PATROL02
2024-01-01 12:30:01.200,40.77008648939992,-73.96652053408607,130.02288690369593,90.0,SEARCH01
2024-01-01 12:30:03.000,40.7835596211434,-73.9679650073333,199.25464867211258,134.60131515218973,PATROL02
2024-01-01 12:30:06.000,40.78348784626663,-73.96789222656965,199.38474733131596,133.85724248547524,PATROL02
2024-01-01 12:30:09.000,40.78341677091535,-73.96781825794994,199.50255304861372,133.1184274159533,PATROL02
2024-01-01 12:30:12.000,40.78334640635821,-73.96774311320156,199.60799111687587,132.3848257197281,PATROL02
2024-01-01 12:30:12.000,40.77008648939992,-73.96603644521649,130.5730935667662,90.0,SEARCH01
2024-01-01 12:30:15.000,40.783276763751175,-73.96766680423835,199.70099467198364,131.656390240522,PATROL02
2024-01-01 12:30:18.000,40.783207854135725,-73.9675893431587,199.78150473523172,130.9330710410078,PATROL02
2024-01-01 12:30:21.000,40.78313968843716,-73.9675107422437,199.84947025072998,130.21481562278097,PATROL02
2024-01-01 12:30:22.800,40.77008648939992,-73.96555235634689,131.0963767661973,90.0,SEARCH01
2024-01-01 12:30:24.000,40.78307227746281,-73.96743101395516,199.90484811778077,129.5015689840286,PATROL02
2024-01-01 12:30:27.000,40.78300563190035,-73.96735017093359,199.9476032182115,128.79327388438344,PATROL02
2024-01-01 12:30:30.000,40.782939762316126,-73.96726822599626,199.977708438645,128.0898709012548,PATROL02
2024-01-01 12:30:33.000,40.78287467915343,-73.96718519213515,199.99514468769362,127.39129863793261,PATROL02
2024-01-01 12:30:33.600,40.77008648939992,-73.9650682674773,131.5914040068114,90.0,SEARCH01
2024-01-01 12:30:36.000,40.78281039273089,-73.96710108251486,199.9999009080661,126.69749382573417,PATROL02
2024-01-01 12:30:39.000,40.78274691324079,-73.96701591047056,199.99197408357975,126.00839147046628,PATROL02
2024-01-01 12:30:42.000,40.78268425074751,-73.96692968950589,199.97136924107292,125.3239249709764,PATROL02
2024-01-01 12:30:44.400,40.77008648939992,-73.96458417860772,132.05691474477342,90.0,SEARCH01
2024-01-01 12:30:45.000,40.78262241518586,-73.96684243329075,199.9380994472175,124.6440262316321,PATROL02
2024-01-01 12:30:48.000,40.7825614163596,-73.96675415565917,199.8921858002324,123.96862583232769,PATROL02
2024-01-01 12:30:51.000,40.78250126393977,-73.96666487060716,199.83365741650408,123.29765307005005,PATROL02
2024-01-01 12:30:54.000,40.78244196746325,-73.96657459229041,199.7625514121223,122.63103610369842,PATROL02
2024-01-01 12:30:55.200,40.77008648939992,-73.96410008973812,132.4917235974564,90.0,SEARCH01
2024-01-01 12:30:57.000,40.78238353633122,-73.96648333502213,199.67891287934256,121.96870206202277,PATROL02
2024-01-01 12:31:00.000,40.78232597980763,-73.96639111327072,199.5827948579909,121.31057710056814,PATROL02
2024-01-01 12:31:03.000,40.782269307017806,-73.96629794165746,199.4742583018281,120.65658654889239,PATROL02
2024-01-01 12:31:06.000,40.77008648939992,-73.96361600086854,132.89472336191534,90.0,SEARCH01
2024-01-01 12:31:06.000,40.78221352694693,-73.96620383495427,199.3533720398957,120.00665495117494,PATROL02
2024-01-01 12:31:09.000,40.78215864843867,-73.96610880808132,199.2202127328677,119.3607061586601,PATROL02
2024-01-01 12:31:12.000,40.78210468019374,-73.96601287610463,199.07486482443568,118.7186634435534,PATROL02
2024-01-01 12:31:15.000,40.78205163076854,-73.96591605423379,198.91742048775848,118.08044949254088,PATROL02
2024-01-01 12:31:16.800,40.77008648939992,-73.96313191199896,133.26488783428317,90.0,SEARCH01
2024-01-01 12:31:18.000,40.78199950857381,-73.96581835781939,198.74797956701005,117.4459865811632,PATROL02
2024-01-01 12:31:21.000,40.78194832187326,-73.96571980235076,198.56664951406265,116.81519652467966,PATROL02
2024-01-01 12:31:24.000,40.78189807878229,-73.96562040345336,198.37354532034584,116.1880008393257,PATROL02
2024-01-01 12:31:27.000,40.78184878726671,-73.96552017688641,198.1687894439239,115.56432073711892,PATROL02
2024-01-01 12:31:27.600,40.77008648939992,-73.96264782312937,133.60127442290974,90.0,SEARCH01
2024-01-01 12:31:30.000,40.781800455141436,-73.96541913854037,197.9525117318385,114.94407718229132,PATROL02
2024-01-01 12:31:33.000,40.781753090069294,-73.96531730443434,197.72484933776536,114.32719097074425,PATROL02
2024-01-01 12:31:36.000,40.7817066995598,-73.96521469071364,197.48594663503766,113.71358276024529,PATROL02
2024-01-01 12:31:38.400,40.77008648939992,-73.96216373425978,133.90302654858948,90.0,SEARCH01
2024-01-01 12:31:39.000,40.78166129096792,-73.96511131364717,197.23595512509078,113.10317308705822,PATROL02
2024-01-01 12:31:42.000,40.78161687149298,-73.96500718962487,196.97503334138693,112.49588244782291,PATROL02
2024-01-01 12:31:45.000,40.78157344817747,-73.96490233515509,196.70334674888034,111.8916313070248,PATROL02
2024-01-01 12:31:48.000,40.78153102790594,-73.964796766862,196.42106763908663,111.29034013361655,PATROL02
2024-01-01 12:31:49.200,40.77008648939992,-73.96167964539019,134.16937582576597,90.0,SEARCH01
2024-01-01 12:31:51.000,40.78148961740393,-73.96469050148292,196.12837502082328,110.69192944377596,PATROL02
2024-01-01 12:31:54.000,40.781449223236855,-73.96458355586574,195.8254545066904,110.09631979727072,PATROL02
2024-01-01 12:31:57.000,40.78140985180902,-73.96447594696613,195.51249819536312,109.50343186763041,PATROL02
2024-01-01 12:32:00.000,40.781371509362586,-73.964367691845,195.18970454977162,108.91318641551175,PATROL02
2024-01-01 12:32:00.000,40.773679734099886,-73.96167964539019,134.39964401915884,270.0,SEARCH01
2024-01-01 12:32:03.000,40.78133420197655,-73.96425880766563,194.85727827124435,108.32550435148539,PATROL02
2024-01-01 12:32:06.000,40.78129793556581,-73.9641493116911,194.51543016969603,107.74030670988759,PATROL02
2024-01-01 12:32:09.000,40.781262715880246,-73.96403922128147,194.16437702994108,107.15751471296267,PATROL02
2024-01-01 12:32:10.800,40.773679734099886,-73.96216373425978,134.59324477083103,270.0,SEARCH01
2024-01-01 12:32:12.000,40.78122854850375,-73.96392855389102,193.8043414742184,106.57704972266447,PATROL02
2024-01-01 12:32:15.000,40.78119543885341,-73.96381732706553,193.43555182101449,105.99883333335589,PATROL02
2024-01-01 12:32:18.000,40.781163392178584,-73.96370555843949,193.0582419402738,105.42278728709528,PATROL02
2024-01-01 12:32:21.000,40.78113241356012,-73.96359326573324,192.672651105089,104.84883355548112,PATROL02
2024-01-01 12:32:21.600,40.773679734099886,-73.96264782312937,134.74968509329833,270.0,SEARCH01
2024-01-01 12:32:24.000,40.78110250790954,-73.96348046675026,192.27902383996457,104.27689431294664,PATROL02
2024-01-01 12:32:27.000,40.78107367996822,-73.96336717937427,191.8776097657504,103.7068919463502,PATROL02
2024-01-01 12:32:30.000,40.781045934306704,-73.96325342156645,191.46866344134318,103.13874905173873,PATROL02
2024-01-01 12:32:32.400,40.773679734099886,-73.96313191199896,134.86856662487907,270.0,SEARCH01
2024-01-01 12:32:33.000,40.78101927532393,-73.96313921136255,191.0524442022567,102.5723884472439,PATROL02
2024-01-01 12:32:36.000,40.780993707246544,-73.96302456687,190.6292159961628,102.00773317306391,PATROL02
2024-01-01 12:32:39.000,40.78096923412824,-73.96290950626516,190.1992472155073,101.44470647657374,PATROL02
2024-01-01 12:32:42.000,40.78094585984912,-73.96279404779034,189.76281052730795,100.88323181560139,PATROL02
2024-01-01 12:32:43.200,40.773679734099886,-73.96361600086854,134.9495866440875,270.0,SEARCH01
2024-01-01 12:32:45.000,40.78092358811506,-73.96267820975089,189.32018270024062,100.32323287567601,PATROL02
2024-01-01 12:32:48.000,40.780902422457125,-73.96256201051237,188.8716444291254,99.76463353183647,PATROL02
2024-01-01 12:32:51.000,40.78088236623103,-73.96244546849762,188.41748015692235,99.20735786430942,PATROL02
2024-01-01 12:32:54.000,40.773679734099886,-73.96410008973812,134.99253884048795,270.0,SEARCH01
2024-01-01 12:32:54.000,40.780863422616605,-73.9623286021838,187.95797789435022,98.6513301523405,PATROL02
2024-01-01 12:32:57.000,40.780845594617254,-73.96221143009949,187.49342903724326,98.09647486129234,PATROL02
2024-01-01 12:33:00.000,40.78082888505953,-73.96209397082177,187.02412818176077,97.54271663813194,PATROL02
2024-01-01 12:33:03.000,40.78081329659263,-73.96197624297321,186.55037293756737,96.98998029412144,PATROL02
2024-01-01 12:33:04.800,40.773679734099886,-73.96458417860772,134.99731384004608,270.0,SEARCH01
2024-01-01 12:33:06.000,40.78079883168806,-73.961858265219,186.07246373910235,96.43819081379291,PATROL02
2024-01-01 12:33:09.000,40.78078549263915,-73.96174005626396,185.5907036550574,95.88727333648717,PATROL02
2024-01-01 12:33:12.000,40.78077328156073,-73.96162163484952,185.10539819618404,95.33715313505729,PATROL02
2024-01-01 12:33:15.000,40.78076220038881,-73.96150301975082,184.61685512155236,94.78775561699422,PATROL02
2024-01-01 12:33:15.600,40.773679734099886,-73.9650682674773,134.96389948364063,270.0,SEARCH01
2024-01-01 12:33:18.000,40.78075225088026,-73.9613842297737,184.12538424338396,94.23900632339746,PATROL02
2024-01-01 12:33:21.000,40.78074343461253,-73.96126528375176,183.63129723058267,93.69083089119692,PATROL02
2024-01-01 12:33:24.000,40.7807357529834,-73.96114620054328,183.1349074110884,93.14315506903421,PATROL02
2024-01-01 12:33:26.400,40.773679734099886,-73.96555235634689,134.89238085802543,270.0,SEARCH01
2024-01-01 12:33:27.000,40.78072920721073,-73.96102699902835,182.63652957317808,92.59590467968889,PATROL02
2024-01-01 12:33:30.000,40.780723798332346,-73.96090769810577,182.13647976584141,92.0490056235165,PATROL02
2024-01-01 12:33:33.000,40.7807195272058,-73.96078831669013,181.63507509835648,91.50238387590889,PATROL02
2024-01-01 12:33:36.000,40.78071639450824,-73.96066887370877,181.1326335391931,90.95596544658565,PATROL02
2024-01-01 12:33:37.200,40.773679734099886,-73.96603644521649,134.7829400791635,270.0,SEARCH01
2024-01-01 12:33:39.000,40.78071440073634,-73.96054938809878,180.62947371437173,90.40967637483948,PATROL02
2024-01-01 12:33:42.000,40.78071354620623,-73.96042987880405,180.12591470540474,89.86344274942542,PATROL02
2024-01-01 12:33:45.000,40.78071383105336,-73.96031036477217,179.62227584694924,89.31719063843445,PATROL02
2024-01-01 12:33:48.000,40.773679734099886,-73.96652053408607,134.63585582848435,270.0,SEARCH01
2024-01-01 12:33:48.000,40.78071525523259,-73.96019086495153,179.11887652429942,88.77084613051335,PATROL02
2024-01-01 12:33:51.000,40.78071781851812,-73.96007139828824,178.61603597084655,88.224335288117,PATROL02
2024-01-01 12:33:54.000,40.78072152050354,-73.95995198372313,178.11407306563527,87.67758413673812,PATROL02
2024-01-01 12:33:57.000,40.78072636060193,-73.95983264018884,177.61330613114498,87.13051867483887,PATROL02
2024-01-01 12:33:58.800,40.773679734099886,-73.96700462295566,134.4515026432462,270.0,SEARCH01
2024-01-01 12:34:00.000,40.780732338045915,-73.95971338660667,177.11405273142384,86.58306483081117,PATROL02
2024-01-01 12:34:03.000,40.780739451887804,-73.9595942418837,176.61662947070366,86.03514848334964,PATROL02
2024-01-01 12:34:06.000,40.78074770099972,-73.95947522490978,176.12135179262387,85.48669540820754,PATROL02
2024-01-01 12:34:09.000,40.78075708407381,-73.95935635455443,175.628533780191,84.93763130040202,PATROL02
2024-01-01 12:34:09.600,40.773679734099886,-73.96748871182524,134.23034996280924,270.0,SEARCH01
2024-01-01 12:34:12.000,40.78076759962245,-73.95923764966399,175.13848795660144,84.38788176019892,PATROL02
2024-01-01 12:34:15.000,40.78077924597843,-73.95911912905854,174.65152508705313,83.8373722501982,PATROL02
2024-01-01 12:34:18.000,40.780792021295284,-73.95900081152894,174.167953981672,83.28602812141389,PATROL02
2024-01-01 12:34:20.400,40.773679734099886,-73.96797280069484,133.97296093324925,270.0,SEARCH01
2024-01-01 12:34:21.000,40.78080592354755,-73.95888271583385,173.68808129967852,82.73377457791389,PATROL02
2024-01-01 12:34:24.000,40.78082095053109,-73.95876486069679,173.21221135491814,82.18053668244215,PATROL02
2024-01-01 12:34:27.000,40.78083709986345,-73.95864726480309,172.7406459228787,81.62623932911094,PATROL02
2024-01-01 12:34:30.000,40.78085436898424,-73.95852994679703,172.27368404931843,81.07080726195295,PATROL02
2024-01-01 12:34:31.200,40.773679734099886,-73.96845688956442,133.6799909733549,270.0,SEARCH01
2024-01-01 12:34:33.000,40.78087275515551,-73.9584129252788,171.81162186062394,80.51416502613012,PATROL02
2024-01-01 12:34:36.000,40.78089225546223,-73.95829621880158,171.35475237602031,79.95623699375398,PATROL02
2024-01-01 12:34:39.000,40.78091286681273,-73.95817984586863,170.9033653217515,79.39694735618713,PATROL02
2024-01-01 12:34:42.000,40.780934585939164,-73.95806382493029,170.45774694734862,78.83622008449714,PATROL02
2024-01-01 12:34:42.000,40.773679734099886,-73.968940978434,133.35218610566096,270.0,SEARCH01
2024-01-01 12:34:45.000,40.78095740939808,-73.95794817438116,170.01817984410343,78.27397895894393,PATROL02
2024-01-01 12:34:48.000,40.78098133357093,-73.95783291255702,169.58494276586148,77.7101475526477,PATROL02
2024-01-01 12:34:51.000,40.78100635466465,-73.95771805773211,169.15831045224888,77.14464922348839,PATROL02
2024-01-01 12:34:52.800,40.773679734099886,-73.9694250673036,132.99038105676658,270.0,SEARCH01
2024-01-01 12:34:54.000,40.78103246871226,-73.95760362811608,168.7385534544447,76.57740710830086,PATROL02
2024-01-01 12:34:57.000,40.78105967157352,-73.95748964185118,168.32593796360948,76.00834413448439,PATROL02
2024-01-01 12:35:00.000,40.78108795893555,-73.95737611700942,167.92072564207862,75.4373830205289,PATROL02
2024-01-01 12:35:03.000,40.78111732631351,-73.95726307158957,167.52317345742782,74.86444625096135,PATROL02
2024-01-01 12:35:03.600,40.773679734099886,-73.96990915617319,132.59549713177677,270.0,SEARCH01
2024-01-01 12:35:06.000,40.78114776905136,-73.95715052351443,167.13353351951585,74.2894561022689,PATROL02
2024-01-01 12:35:09.000,40.78117928232254,-73.95703849062798,166.75205292060744,73.71233464865475,PATROL02
2024-01-01 12:35:12.000,40.781211861130785,-73.95692699069247,166.37897357867868,73.13300375432561,PATROL02
2024-01-01 12:35:14.400,40.773679734099886,-73.97039324504277,132.16853986827888,270.0,SEARCH01
2024-01-01 12:35:15.000,40.781245500310874,-73.95681604138566,166.01453208400326,72.55138507536572,PATROL02
2024-01-01 12:35:18.000,40.78128019452949,-73.95670566029806,165.6589595491175,71.96740009472421,PATROL02
2024-01-01 12:35:21.000,40.78131593828602,-73.95659586493001,165.31248146225911,71.38097010064621,PATROL02
2024-01-01 12:35:24.000,40.78135272591348,-73.95648667268905,164.9753175443727,70.79201622168415,PATROL02
2024-01-01 12:35:25.200,40.773679734099886,-73.97087733391236,131.71059647582865,270.0,SEARCH01
2024-01-01 12:35:27.000,40.781390551579356,-73.9563781008871,164.64768160977232,70.20045942708629,PATROL02
2024-01-01 12:35:30.000,40.78142940928659,-73.95627016673764,164.32978143055024,69.60622054962374,PATROL02
2024-01-01 12:35:33.000,40.78146929287446,-73.95616288735316,164.02181860481699,69.0092203056659,PATROL02
2024-01-01 12:35:36.000,40.78151019601964,-73.95605627974224,163.7239884288568,68.4093793044035,PATROL02
2024-01-01 12:35:36.000,40.773679734099886,-73.97136142278195,131.2228330674655,270.0,SEARCH01
2024-01-01 12:35:39.000,40.78155211223712,-73.95595036080702,163.43647977327967,67.8066180879378,PATROL02
2024-01-01 12:35:42.000,40.7815950348813,-73.95584514734043,163.15947496324765,67.20085714252446,PATROL02
2024-01-01 12:35:45.000,40.78163895714699,-73.95574065602354,162.89314966285266,66.59201692711912,PATROL02
2024-01-01 12:35:46.800,40.773679734099886,-73.97184551165154,130.70649169030708,270.0,SEARCH01
2024-01-01 12:35:48.000,40.78168387207054,-73.95563690342294,162.63767276371817,65.98001791837186,PATROL02
2024-01-01 12:35:51.000,40.781729772530895,-73.95553390598813,162.39320627789544,65.36478063453632,PATROL02
2024-01-01 12:35:54.000,40.78177665125077,-73.95543168004882,162.1599052351229,64.74622566674253,PATROL02
2024-01-01 12:35:57.000,40.781824500797775,-73.95533024181243,161.93791758451314,64.1242737244205,PATROL02
2024-01-01 12:35:57.600,40.773679734099886,-73.97232960052112,130.16288716278436,270.0,SEARCH01
2024-01-01 12:36:00.000,40.78187331358559,-73.95522960736153,161.72738410073015,63.498845692726036,PATROL02
2024-01-01 12:36:03.000,40.78192308187519,-73.9551297926512,161.5284382947164,62.869862653161135,PATROL02
2024-01-01 12:36:06.000,40.78197379777606,-73.9550308135066,161.3412063290261,62.23724596598032,PATROL02
2024-01-01 12:36:08.400,40.773679734099886,-73.97281368939072,129.5934037265706,270.0,SEARCH01
2024-01-01 12:36:09.000,40.78202545324743,-73.95493268562035,161.1658069378185,61.600917281333636,PATROL02
2024-01-01 12:36:12.000,40.78207804009958,-73.95483542455017,161.00235135156208,60.96079863920323,PATROL02
2024-01-01 12:36:15.000,40.782131549995114,-73.95473904571634,160.850943226497,60.31681251283567,PATROL02
2024-01-01 12:36:18.000,40.782185974450314,-73.95464356439923,160.71167857890111,59.66888187515292,PATROL02
2024-01-01 12:36:19.200,40.773679734099886,-73.9732977782603,128.99949152173045,270.0,SEARCH01
2024-01-01 12:36:21.000,40.78224130483644,-73.95454899573697,160.5846457242007,59.01693027862456,PATROL02
2024-01-01 12:36:24.000,40.78229753238112,-73.95445535472294,160.4699252209645,58.36088190389478,PATROL02
2024-01-01 12:36:27.000,40.78235464816977,-73.95436265620347,160.3675898198175,57.70066169385012,PATROL02
2024-01-01 12:36:30.000,40.773679734099886,-73.97378186712989,128.38266289406414,270.0,SEARCH01
2024-01-01 12:36:30.000,40.78241264314694,-73.95427091487545,160.2777044173054,57.0361953547021,PATROL02
2024-01-01 12:36:33.000,40.78247150811782,-73.95418014528404,160.20032601474017,56.36740953884009,PATROL02
2024-01-01 12:36:36.000,40.78253123374966,-73.9540903618203,160.1355036820525,55.694231865815766,PATROL02
2024-01-01 12:36:39.000,40.78259181057324,-73.95400157871899,160.08327852667378,55.01659106080905,PATROL02
2024-01-01 12:36:40.800,40.773679734099886,-73.97426595599947,127.74448854405063,270.0,SEARCH01
2024-01-01 12:36:42.000,40.78265322898441,-73.95391381005619,160.04368366746743,54.334417041258746,PATROL02
2024-01-01 12:36:45.000,40.78271547924557,-73.95382706974723,160.01674421372672,53.64764103376865,PATROL02
2024-01-01 12:36:48.000,40.78277855148724,-73.95374137154435,160.00247724925126,52.95619567136737,PATROL02
2024-01-01 12:36:51.000,40.78284243570965,-73.95365672903459,160.0008918215134,52.26001516011155,PATROL02
2024-01-01 12:36:51.600,40.773679734099886,-73.97475004486907,127.08659352719506,270.0,SEARCH01
2024-01-01 12:36:54.000,40.782907121784234,-73.9535731556376,160.01198893592067,51.55903533083597,PATROL02
2024-01-01 12:36:57.000,40.78297259945535,-73.95349066460355,160.03576155517823,50.85319384120032,PATROL02
2024-01-01 12:37:00.000,40.78303885834183,-73.95340926901098,160.07219460375157,50.142430271632634,PATROL02
2024-01-01 12:37:02.400,40.773679734099886,-73.97523413373865,126.41065311596654,270.0,SEARCH01
2024-01-01 12:37:03.000,40.783105887938646,-73.95332898176476,160.12126497742673,49.426686257569884,PATROL02
2024-01-01 12:37:06.000,40.78317367761859,-73.95324981559403,160.182941557962,48.70590566606904,PATROL02
2024-01-01 12:37:09.000,40.78324221663393,-73.95317178305025,160.25718523282174,47.98003474310525,PATROL02
2024-01-01 12:37:12.000,40.78331149411814,-73.95309489650505,160.3439489199797,47.2490222214397,PATROL02
2024-01-01 12:37:13.200,40.773679734099886,-73.97571822260824,125.7183885338621,270.0,SEARCH01
2024-01-01 12:37:15.000,40.78338149908761,-73.95301916814844,160.4431775977765,46.512819556973,PATROL02
2024-01-01 12:37:18.000,40.783452220443394,-73.95294460998679,160.55480833981173,45.77138102619858,PATROL02
2024-01-01 12:37:21.000,40.783523646972974,-73.95287123384091,160.6787703548492,45.024663941740755,PATROL02
2024-01-01 12:37:24.000,40.773679734099886,-73.97620231147783,125.01156257246085,270.0,SEARCH01
2024-01-01 12:37:24.000,40.78359576735201,-73.95279905134424,160.81498503170963,44.272628793311696,PATROL02
2024-01-01 12:37:27.000,40.783668570146176,-73.95272807394097,160.96336598912208,43.515239452720664,PATROL02
2024-01-01 12:37:30.000,40.78374204381294,-73.95265831288421,161.12381913050342,42.75246331829709,PATROL02
2024-01-01 12:37:33.000,40.78381617670341,-73.95258977923426,161.29624270363004,41.984271556498584,PATROL02
2024-01-01 12:37:34.800,40.773679734099886,-73.97668640034742,124.29197510262854,270.0,SEARCH01
2024-01-01 12:37:36.000,40.78389095706417,-73.95252248385677,161.48052736516453,41.210639210154454,PATROL02
2024-01-01 12:37:39.000,40.78396637303918,-73.9524564374211,161.67655624999645,40.43154546988109,PATROL02
2024-01-01 12:37:42.000,40.784042412671575,-73.9523916503986,161.88420504535287,39.646973772617855,PATROL02
2024-01-01 12:37:45.000,40.78411906390566,-73.95232813306093,162.103342069632,38.85691209899102,PATROL02
2024-01-01 12:37:45.600,40.773679734099886,-73.977170489217,123.56145849130267,270.0,SEARCH01
2024-01-01 12:37:48.000,40.784196314588755,-73.95226589547845,162.33382835590987,38.06135304604777,PATROL02
2024-01-01 12:37:51.000,40.78427415247313,-73.95220494751864,162.57551774006694,37.26029412341063,PATROL02
2024-01-01 12:37:54.000,40.78435256521798,-73.95214529884448,162.82825695347867,36.453737859819455,PATROL02
2024-01-01 12:37:56.400,40.773679734099886,-73.97765457808659,122.82187293552951,270.0,SEARCH01
2024-01-01 12:37:57.000,40.78443154039134,-73.95208695891301,163.09188572021202,35.641692057798195,PATROL02
2024-01-01 12:38:00.000,40.784511065472074,-73.95202993697372,163.36623685866482,34.824169901144614,PATROL02
2024-01-01 12:38:03.000,40.78459112785188,-73.95197424206715,163.65113638758532,34.00119020144939,PATROL02
2024-01-01 12:38:06.000,40.78467171483725,-73.95191988302349,163.94640363640312,33.17277755572405,PATROL02
2024-01-01 12:38:07.200,40.773679734099886,-73.97813866695618,122.07510172563401,270.0,SEARCH01
2024-01-01 12:38:09.000,40.784752813651515,-73.95186686846107,164.25185135980234,32.33896246340112,PATROL02
2024-01-01 12:38:12.000,40.78483441143685,-73.9518152067851,164.56728585646437,31.499781558476286,PATROL02
2024-01-01 12:38:15.000,40.78491649525632,-73.9517649061863,164.89250709190458,30.655277737059805,PATROL02
2024-01-01 12:38:18.000,40.78499905209594,-73.95171597463955,165.22730882532522,29.805500253365835,PATROL02
2024-01-01 12:38:18.000,40.773679734099886,-73.97862275582577,121.32304644958467,270.0,SEARCH01
2024-01-01 12:38:21.000,40.78508206886672,-73.95166841990276,165.57147874040416,28.950504938595714,PATROL02
2024-01-01 12:38:24.000,40.785165532406765,-73.95162224951547,165.92479857993644,28.09035425596079,PATROL02
2024-01-01 12:38:27.000,40.78524942948333,-73.95157747079776,166.28704428424317,27.22511740986721,PATROL02
2024-01-01 12:38:28.800,40.773679734099886,-73.97910684469535,120.56762215076505,270.0,SEARCH01
2024-01-01 12:38:30.000,40.78533374679494,-73.95153409084911,166.65798613326032,26.354870502291874,PATROL02
2024-01-01 12:38:33.000,40.785418470973504,-73.95149211654717,167.03738889221688,25.479696530507738,PATROL02
2024-01-01 12:38:36.000,40.7855035885864,-73.95145155454678,167.4250119608101,24.59968549582902,PATROL02
2024-01-01 12:38:39.000,40.785589086138664,-73.95141241127884,167.82060952578385,23.714934453030594,PATROL02
2024-01-01 12:38:39.600,40.773679734099886,-73.97959093356495,119.81075245148246,270.0,SEARCH01
2024-01-01 12:38:42.000,40.78567495007507,-73.95137469294932,168.22393071681194,22.8255475020988,PATROL02
2024-01-01 12:38:45.000,40.7857611667823,-73.95133840553828,168.63471976558924,21.931635828355184,PATROL02
2024-01-01 12:38:48.000,40.78584772259113,-73.95130355479893,169.0527161680284,21.03331768320004,PATROL02
2024-01-01 12:38:50.400,40.773679734099886,-73.98007502243453,119.05436465463069,270.0,SEARCH01
2024-01-01 12:38:51.000,40.78593460377854,-73.95127014625666,169.47765484945995,20.130718321997506,PATROL02
2024-01-01 12:38:54.000,40.786021796569955,-73.95123818520825,169.9092663327308,19.223969990990042,PATROL02
2024-01-01 12:38:57.000,40.78610928714138,-73.95120767672095,170.3472769090946,18.3132117885134,PATROL02
2024-01-01 12:39:00.000,40.78619706162161,-73.95117862563175,170.7914088117857,17.39858963438843,PATROL02
2024-01-01 12:39:01.200,40.773679734099886,-73.98055911130412,118.30038483598095,270.0,SEARCH01
2024-01-01 12:39:03.000,40.78628510609442,-73.95115103654655,171.24138039216643,16.48025606434851,PATROL02
2024-01-01 12:39:06.000,40.786373406600795,-73.95112491383946,171.69690629833602,15.558370146808329,PATROL02
2024-01-01 12:39:09.000,40.78646194914112,-73.95110026165213,172.15769765608803,14.633097272853036,PATROL02
2024-01-01 12:39:12.000,40.773679734099886,-73.9810432001737,117.55073293959732,270.0,SEARCH01
2024-01-01 12:39:12.000,40.78655071967741,-73.95107708389301,172.62346225210172,13.704608928668051,PATROL02
2024-01-01 12:39:15.000,40.786639704135524,-73.95105538423685,173.09390471925033,12.773082546265186,PATROL02
2024-01-01 12:39:18.000,40.78672888840741,-73.95103516612402,173.56872672391006,11.83870117812927,PATROL02
2024-01-01 12:39:21.000,40.78681825835333,-73.95101643275999,174.04762715514977,10.901653256541806,PATROL02
2024-01-01 12:39:22.800,40.773679734099886,-73.9815272890433,116.807317888866,270.0,SEARCH01
2024-01-01 12:39:24.000,40.786907799804126,-73.95099918711486,174.53030231568215,9.962132339011816,PATROL02
2024-01-01 12:39:27.000,40.78699749856343,-73.95098343192282,175.01644611445494,9.020336687800693,PATROL02
2024-01-01 12:39:30.000,40.78708734040995,-73.9509691696818,175.50575026076035,8.076469036498054,PATROL02
2024-01-01 12:39:33.000,40.787177311099676,-73.950956402653,175.99790445973912,7.130736193476025,PATROL02
2024-01-01 12:39:33.600,40.773679734099886,-73.98201137791288,116.07203272558789,270.0,SEARCH01
2024-01-01 12:39:36.000,40.787267396368215,-73.95094513286058,176.4925966091557,6.18334864516396,PATROL02
2024-01-01 12:39:39.000,40.78735758193298,-73.9509353620913,176.9895129973197,5.2345201896251865,PATROL02
2024-01-01 12:39:42.000,40.787447853495486,-73.95092709189427,177.48833850202772,4.284467526298215,PATROL02
2024-01-01 12:39:44.400,40.773679734099886,-73.98249546678247,115.34674978951236,270.0,SEARCH01
2024-01-01 12:39:45.000,40.787538196743625,-73.95092032358069,177.9887567903998,3.3334098158369443,PATROL02
2024-01-01 12:39:48.000,40.7876285973539,-73.95091505822364,178.4904505194837,2.381568275016207,PATROL02
2024-01-01 12:39:51.000,40.78771904099375,-73.95091129665792,178.9931015374994,1.4291656899646341,PATROL02
2024-01-01 12:39:54.000,40.787809513323765,-73.95090903947992,179.4963910855972,0.4764260492189578,PATROL02
2024-01-01 12:39:55.200,40.773679734099886,-73.98297955565207,114.63331595058655,270.0,SEARCH01
2024-01-01 12:39:57.000,40.7879,-73.95090828704748,180.0,0.0,PATROL02
2024-01-01 12:40:06.000,40.773679734099886,-73.98346364452165,113.93354790606186,270.0,SEARCH01
2024-01-01 12:40:16.800,40.773679734099886,-73.98394773339123,113.24922755443218,270.0,SEARCH01
2024-01-01 12:40:27.600,40.773679734099886,-73.98443182226082,112.58209745798439,270.0,SEARCH01
2024-01-01 12:40:38.400,40.773679734099886,-73.98491591113041,111.93385640551483,270.0,SEARCH01
2024-01-01 12:40:49.200,40.773679734099886,-73.9854,111.30615508651144,270.0,SEARCH01
2024-01-01 12:41:00.000,40.77727297879985,-73.9854,110.70059188781643,90.0,SEARCH01
2024-01-01 12:41:10.800,40.77727297879985,-73.98491591113041,110.11870882347311,90.0,SEARCH01
2024-01-01 12:41:21.600,40.77727297879985,-73.98443182226082,109.56198760812119,90.0,SEARCH01
2024-01-01 12:41:32.400,40.77727297879985,-73.98394773339123,109.03184588393931,90.0,SEARCH01
2024-01-01 12:41:43.200,40.77727297879985,-73.98346364452165,108.5296336107424,90.0,SEARCH01
2024-01-01 12:41:54.000,40.77727297879985,-73.98297955565207,108.05662962842635,90.0,SEARCH01
2024-01-01 12:42:04.800,40.77727297879985,-73.98249546678247,107.6140384005135,90.0,SEARCH01
2024-01-01 12:42:15.600,40.77727297879985,-73.98201137791288,107.20298694709086,90.0,SEARCH01
2024-01-01 12:42:26.400,40.77727297879985,-73.9815272890433,106.82452197495148,90.0,SEARCH01
2024-01-01 12:42:37.200,40.77727297879985,-73.9810432001737,106.47960721224665,90.0,SEARCH01
2024-01-01 12:42:48.000,40.77727297879985,-73.98055911130412,106.1691209544358,90.0,SEARCH01
2024-01-01 12:42:58.800,40.77727297879985,-73.98007502243453,105.89385382778362,90.0,SEARCH01
2024-01-01 12:43:09.600,40.77727297879985,-73.97959093356495,105.6545067760989,90.0,SEARCH01
2024-01-01 12:43:20.400,40.77727297879985,-73.97910684469535,105.4516892758421,90.0,SEARCH01
2024-01-01 12:43:31.200,40.77727297879985,-73.97862275582577,105.2859177841465,90.0,SEARCH01
2024-01-01 12:43:42.000,40.77727297879985,-73.97813866695618,105.15761442370507,90.0,SEARCH01
2024-01-01 12:43:52.800,40.77727297879985,-73.97765457808659,105.06710590787162,90.0,SEARCH01
2024-01-01 12:44:03.600,40.77727297879985,-73.977170489217,105.01462270871373,90.0,SEARCH01
2024-01-01 12:44:14.400,40.77727297879985,-73.97668640034742,105.00029847013566,90.0,SEARCH01
2024-01-01 12:44:25.200,40.77727297879985,-73.97620231147783,105.02416966756573,90.0,SEARCH01
2024-01-01 12:44:36.000,40.77727297879985,-73.97571822260824,105.08617551507481,90.0,SEARCH01
2024-01-01 12:44:46.800,40.77727297879985,-73.97523413373865,105.18615812016247,90.0,SEARCH01
2024-01-01 12:44:57.600,40.77727297879985,-73.97475004486907,105.32386288581641,90.0,SEARCH01
2024-01-01 12:45:08.400,40.77727297879985,-73.97426595599947,105.4989391588217,90.0,SEARCH01
2024-01-01 12:45:19.200,40.77727297879985,-73.97378186712989,105.71094112266867,90.0,SEARCH01
2024-01-01 12:45:30.000,40.77727297879985,-73.9732977782603,105.95932893278591,90.0,SEARCH01
2024-01-01 12:45:40.800,40.77727297879985,-73.97281368939072,106.24347009120753,90.0,SEARCH01
2024-01-01 12:45:51.600,40.77727297879985,-73.97232960052112,106.56264105717426,90.0,SEARCH01
2024-01-01 12:46:02.400,40.77727297879985,-73.97184551165154,106.91602908956709,90.0,SEARCH01
2024-01-01 12:46:13.200,40.77727297879985,-73.97136142278195,107.30273431648186,90.0,SEARCH01
2024-01-01 12:46:24.000,40.77727297879985,-73.97087733391236,107.7217720266749,90.0,SEARCH01
2024-01-01 12:46:34.800,40.77727297879985,-73.97039324504277,108.1720751770445,90.0,SEARCH01
2024-01-01 12:46:45.600,40.77727297879985,-73.96990915617319,108.65249710976352,90.0,SEARCH01
2024-01-01 12:46:56.400,40.77727297879985,-73.9694250673036,109.16181447214382,90.0,SEARCH01
2024-01-01 12:47:07.200,40.77727297879985,-73.968940978434,109.69873033179748,90.0,SEARCH01
2024-01-01 12:47:18.000,40.77727297879985,-73.96845688956442,110.2618774791625,90.0,SEARCH01
2024-01-01 12:47:28.800,40.77727297879985,-73.96797280069484,110.84982190898302,90.0,SEARCH01
2024-01-01 12:47:39.600,40.77727297879985,-73.96748871182524,111.46106647187901,90.0,SEARCH01
2024-01-01 12:47:50.400,40.77727297879985,-73.96700462295566,112.09405468670711,90.0,SEARCH01
2024-01-01 12:48:01.200,40.77727297879985,-73.96652053408607,112.74717470400454,90.0,SEARCH01
2024-01-01 12:48:12.000,40.77727297879985,-73.96603644521649,113.41876341042351,90.0,SEARCH01
2024-01-01 12:48:22.800,40.77727297879985,-73.96555235634689,114.10711066370497,90.0,SEARCH01
2024-01-01 12:48:33.600,40.77727297879985,-73.9650682674773,114.81046364740712,90.0,SEARCH01
2024-01-01 12:48:44.400,40.77727297879985,-73.96458417860772,115.5270313343,90.0,SEARCH01
2024-01-01 12:48:55.200,40.77727297879985,-73.96410008973812,116.25498904706087,90.0,SEARCH01
2024-01-01 12:49:06.000,40.77727297879985,-73.96361600086854,116.9924831046562,90.0,SEARCH01
2024-01-01 12:49:16.800,40.77727297879985,-73.96313191199896,117.73763554257938,90.0,SEARCH01
2024-01-01 12:49:27.600,40.77727297879985,-73.96264782312937,118.48854889492397,90.0,SEARCH01
2024-01-01 12:49:38.400,40.77727297879985,-73.96216373425978,119.24331102611579,90.0,SEARCH01
2024-01-01 12:49:49.200,40.77727297879985,-73.96167964539019,119.99999999999999,90.0,SEARCH01
